timestamp,open,high,low,close,coin_name,datetime
1648857600,0.9999,1.0,0.9989,1.0,DAI,2022-04-02
1648857600,1.0,1.0,0.9989,1.0,USTC,2022-04-02
1648857600,103.23,107.28,100.03,105.87,WLUNA,2022-04-02
1648857600,1.0,1.0,1.0,1.0,USDT,2022-04-02
1648857600,0.9995,1.0,0.999,0.9999,USDC,2022-04-02
1648857600,1.0,1.0,0.9962,1.0,PAX,2022-04-02
1648944000,1.0,1.0,0.9989,0.999,DAI,2022-04-03
1648944000,1.0,1.0,0.9986,1.0,USTC,2022-04-03
1648944000,105.9,116.74,105.72,115.49,WLUNA,2022-04-03
1648944000,1.0,1.0,1.0,1.0,USDT,2022-04-03
1648944000,1.0,1.0,0.9991,0.9993,USDC,2022-04-03
1648944000,1.0,1.0,0.9982,1.0,PAX,2022-04-03
1649030400,1.0,1.0,0.999,0.9999,USTC,2022-04-04
1649030400,115.46,116.99,112.02,113.46,WLUNA,2022-04-04
1649030400,1.0,1.0,1.0,1.0,USDT,2022-04-04
1649030400,1.0,1.0,0.9975,1.0,PAX,2022-04-04
1649030400,0.9993,1.0,0.9985,1.0,USDC,2022-04-04
1649030400,0.999,1.0,0.9989,0.9995,DAI,2022-04-04
1649116800,1.0,1.0,0.9989,1.0,USDC,2022-04-05
1649116800,1.0,1.0,1.0,1.0,USDT,2022-04-05
1649116800,1.0,1.0,0.9986,1.0,PAX,2022-04-05
1649116800,0.9999,1.0,0.9963,1.0,USTC,2022-04-05
1649116800,0.9994,1.0,0.9987,0.9999,DAI,2022-04-05
1649116800,113.4,116.41,110.36,115.96,WLUNA,2022-04-05
1649203200,1.0,1.0,1.0,1.0,USDT,2022-04-06
1649203200,1.0,1.0,0.999,0.9997,USDC,2022-04-06
1649203200,1.0,1.0,0.9973,0.9998,PAX,2022-04-06
1649203200,115.99,118.19,115.52,116.1,WLUNA,2022-04-06
1649203200,1.0,1.0,0.9976,0.9984,USTC,2022-04-06
1649203200,0.9999,1.0,0.9988,0.9991,DAI,2022-04-06
1649289600,0.9997,1.0,0.9986,0.9996,USDC,2022-04-07
1649289600,116.16,117.59,107.09,107.86,WLUNA,2022-04-07
1649289600,0.9995,1.0,0.9924,0.9986,PAX,2022-04-07
1649289600,1.0,1.0,1.0,1.0,USDT,2022-04-07
1649289600,0.9992,1.0,0.9982,0.9995,DAI,2022-04-07
1649289600,0.9984,1.0,0.9977,1.0,USTC,2022-04-07
1649376000,1.0,1.0,1.0,1.0,USDT,2022-04-08
1649376000,0.9996,1.0,0.9991,1.0,USDC,2022-04-08
1649376000,0.9995,1.0,0.9988,0.9997,DAI,2022-04-08
1649376000,107.73,109.23,102.03,103.23,WLUNA,2022-04-08
1649376000,0.9986,1.0,0.9981,1.0,PAX,2022-04-08
1649376000,1.0,1.0,0.998,1.0,USTC,2022-04-08
1649462400,0.9997,1.0,0.9987,0.9994,DAI,2022-04-09
1649462400,1.0,1.0,0.9973,0.9997,USDC,2022-04-09
1649462400,1.0,1.0,1.0,1.0,USDT,2022-04-09
1649462400,1.0,1.0,0.9995,1.0,USTC,2022-04-09
1649462400,103.24,105.88,94.3,94.76,WLUNA,2022-04-09
1649462400,1.0,1.0,0.9988,1.0,PAX,2022-04-09
1649548800,1.0,1.0,0.9997,1.0,USTC,2022-04-10
1649548800,1.0,1.0,0.9996,1.0,PAX,2022-04-10
1649548800,0.9994,1.0,0.9991,1.0,DAI,2022-04-10
1649548800,94.7,96.28,93.21,96.28,WLUNA,2022-04-10
1649548800,0.9997,1.0,0.9991,1.0,USDC,2022-04-10
1649548800,1.0,1.0,1.0,1.0,USDT,2022-04-10
1649635200,1.0,1.0,0.9998,1.0,USTC,2022-04-11
1649635200,1.0,1.0,0.9991,0.9994,DAI,2022-04-11
1649635200,96.31,96.91,92.93,92.93,WLUNA,2022-04-11
1649635200,1.0,1.0,0.9991,0.9996,USDC,2022-04-11
1649635200,1.0,1.0,0.9991,1.0,PAX,2022-04-11
1649635200,1.0,1.0,1.0,1.0,USDT,2022-04-11
1649721600,0.9995,1.0,0.9984,0.9989,DAI,2022-04-12
1649721600,0.9997,1.0,0.999,0.9997,USDC,2022-04-12
1649721600,1.0,1.0,1.0,1.0,USDT,2022-04-12
1649721600,1.0,1.01,0.9991,1.0,PAX,2022-04-12
1649721600,1.0,1.0,0.9996,1.0,USTC,2022-04-12
1649721600,92.92,92.92,82.26,82.53,WLUNA,2022-04-12
1649808000,0.9989,1.0,0.9985,1.0,DAI,2022-04-13
1649808000,0.9998,1.0,0.9992,0.9999,USDC,2022-04-13
1649808000,1.0,1.0,0.9996,1.0,USTC,2022-04-13
1649808000,82.55,87.51,82.4,84.27,WLUNA,2022-04-13
1649808000,1.0,1.01,0.9987,1.0,PAX,2022-04-13
1649808000,1.0,1.0,1.0,1.0,USDT,2022-04-13
1649894400,1.0,1.0,1.0,1.0,USDT,2022-04-14
1649894400,1.0,1.0,0.999,1.0,DAI,2022-04-14
1649894400,1.0,1.0,0.9999,1.0,USTC,2022-04-14
1649894400,1.0,1.0,0.9982,1.0,PAX,2022-04-14
1649894400,0.9998,1.0,0.9992,0.9997,USDC,2022-04-14
1649894400,84.27,87.85,82.9,87.85,WLUNA,2022-04-14
1649980800,87.85,89.45,81.38,82.26,WLUNA,2022-04-15
1649980800,1.0,1.0,0.9997,1.0,USTC,2022-04-15
1649980800,1.0,1.0,0.9984,1.0,PAX,2022-04-15
1649980800,0.9997,1.0,0.9991,0.9998,USDC,2022-04-15
1649980800,1.0,1.0,1.0,1.0,USDT,2022-04-15
1649980800,1.0,1.0,0.9991,1.0,DAI,2022-04-15
1650067200,82.26,82.7,80.44,80.79,WLUNA,2022-04-16
1650067200,1.0,1.0,1.0,1.0,USDT,2022-04-16
1650067200,1.0,1.0,1.0,1.0,USTC,2022-04-16
1650067200,0.9998,1.0,0.9994,0.9998,USDC,2022-04-16
1650067200,1.0,1.0,0.999,1.0,DAI,2022-04-16
1650067200,1.0,1.0,0.9989,1.0,PAX,2022-04-16
1650153600,1.0,1.0,1.0,1.0,USTC,2022-04-17
1650153600,80.77,81.92,80.21,81.4,WLUNA,2022-04-17
1650153600,0.9999,1.0,0.9991,0.9997,DAI,2022-04-17
1650153600,1.0,1.0,1.0,1.0,USDT,2022-04-17
1650153600,1.0,1.0,0.9944,1.0,PAX,2022-04-17
1650153600,0.9997,1.0,0.9993,1.0,USDC,2022-04-17
1650240000,81.4,83.22,78.2,78.29,WLUNA,2022-04-18
1650240000,1.0,1.0,1.0,1.0,USDT,2022-04-18
1650240000,1.0,1.0,1.0,1.0,USTC,2022-04-18
1650240000,1.0,1.0,0.9989,0.9993,USDC,2022-04-18
1650240000,0.9997,1.0,0.9991,0.9997,DAI,2022-04-18
1650240000,1.0,1.0,0.9943,1.0,PAX,2022-04-18
1650326400,1.0,1.01,0.9935,0.9968,PAX,2022-04-19
1650326400,1.0,1.0,1.0,1.0,USTC,2022-04-19
1650326400,78.3,90.32,75.95,90.29,WLUNA,2022-04-19
1650326400,0.9998,1.0,0.999,0.9999,DAI,2022-04-19
1650326400,1.0,1.0,1.0,1.0,USDT,2022-04-19
1650326400,0.9993,1.0,0.9988,0.9999,USDC,2022-04-19
1650412800,1.0,1.0,1.0,1.0,USDT,2022-04-20
1650412800,0.9969,0.9993,0.9953,0.9971,PAX,2022-04-20
1650412800,1.0,1.0,1.0,1.0,USTC,2022-04-20
1650412800,0.9999,1.0,0.9993,0.9999,USDC,2022-04-20
1650412800,0.9999,1.0,0.9991,0.9999,DAI,2022-04-20
1650412800,90.29,95.21,89.26,95.13,WLUNA,2022-04-20
1650499200,0.9971,1.0,0.9956,0.9965,PAX,2022-04-21
1650499200,0.9999,1.0,0.9993,0.9998,USDC,2022-04-21
1650499200,95.11,96.56,93.98,95.53,WLUNA,2022-04-21
1650499200,0.9999,1.0,0.9989,0.9996,DAI,2022-04-21
1650499200,1.0,1.0,1.0,1.0,USDT,2022-04-21
1650499200,1.0,1.0,1.0,1.0,USTC,2022-04-21
1650585600,0.9997,1.0,0.9989,0.9996,DAI,2022-04-22
1650585600,0.9964,1.0,0.9935,1.0,PAX,2022-04-22
1650585600,1.0,1.0,1.0,1.0,USTC,2022-04-22
1650585600,0.9998,1.0,0.9994,1.0,USDC,2022-04-22
1650585600,95.54,99.33,90.98,91.44,WLUNA,2022-04-22
1650585600,1.0,1.0,1.0,1.0,USDT,2022-04-22
1650672000,1.0,1.0,1.0,1.0,USDT,2022-04-23
1650672000,91.43,96.12,91.08,93.81,WLUNA,2022-04-23
1650672000,1.0,1.0,0.9995,1.0,USDC,2022-04-23
1650672000,0.9996,1.0,0.9985,0.9998,DAI,2022-04-23
1650672000,1.0,1.0,0.9995,1.0,USTC,2022-04-23
1650672000,1.0,1.01,0.9955,0.9982,PAX,2022-04-23
1650758400,0.9998,1.0,0.9988,0.9989,DAI,2022-04-24
1650758400,1.0,1.0,0.9995,1.0,USTC,2022-04-24
1650758400,0.9982,1.0,0.995,0.9964,PAX,2022-04-24
1650758400,93.79,93.82,90.01,90.04,WLUNA,2022-04-24
1650758400,1.0,1.0,0.9995,1.0,USDC,2022-04-24
1650758400,1.0,1.0,1.0,1.0,USDT,2022-04-24
1650844800,0.9956,1.0,0.9954,1.0,PAX,2022-04-25
1650844800,1.0,1.0,0.9993,1.0,USTC,2022-04-25
1650844800,0.9989,1.0,0.9985,0.9994,DAI,2022-04-25
1650844800,0.9998,1.0,0.9995,0.9999,USDC,2022-04-25
1650844800,1.0,1.0,1.0,1.0,USDT,2022-04-25
1650844800,90.2,91.52,89.14,90.65,WLUNA,2022-04-25
1650931200,1.0,1.0,0.9982,1.0,USTC,2022-04-26
1650931200,90.62,96.85,88.07,96.6,WLUNA,2022-04-26
1650931200,0.9994,1.0,0.9983,0.9999,DAI,2022-04-26
1650931200,1.0,1.01,0.9982,1.0,PAX,2022-04-26
1650931200,1.0,1.0,1.0,1.0,USDT,2022-04-26
1650931200,0.9999,1.0,0.9994,1.0,USDC,2022-04-26
1651017600,0.9998,1.0,0.9983,0.9999,DAI,2022-04-27
1651017600,96.62,96.82,87.69,88.69,WLUNA,2022-04-27
1651017600,1.0,1.0,0.9961,1.0,PAX,2022-04-27
1651017600,1.0,1.0,0.9994,1.0,USDC,2022-04-27
1651017600,1.0,1.0,0.9982,1.0,USTC,2022-04-27
1651017600,1.0,1.0,1.0,1.0,USDT,2022-04-27
1651104000,88.68,90.83,88.18,89.47,WLUNA,2022-04-28
1651104000,1.0,1.0,0.9977,1.0,PAX,2022-04-28
1651104000,0.9999,1.0,0.9989,0.9998,DAI,2022-04-28
1651104000,1.0,1.0,0.9984,1.0,USTC,2022-04-28
1651104000,1.0,1.0,0.9995,1.0,USDC,2022-04-28
1651104000,1.0,1.0,1.0,1.0,USDT,2022-04-28
1651190400,1.0,1.0,0.9983,1.0,USTC,2022-04-29
1651190400,0.9998,1.0,0.9986,0.9997,DAI,2022-04-29
1651190400,1.0,1.0,0.9966,1.0,PAX,2022-04-29
1651190400,89.45,92.25,88.24,88.51,WLUNA,2022-04-29
1651190400,1.0,1.0,0.9995,1.0,USDC,2022-04-29
1651190400,1.0,1.0,1.0,1.0,USDT,2022-04-29
1651276800,0.9997,1.0,0.9983,0.9998,DAI,2022-04-30
1651276800,1.0,1.0,0.9976,1.0,PAX,2022-04-30
1651276800,1.0,1.0,0.9995,1.0,USDC,2022-04-30
1651276800,1.0,1.0,0.9999,1.0,USDT,2022-04-30
1651276800,88.05,89.15,84.12,85.17,WLUNA,2022-04-30
1651276800,1.0,1.0,0.9976,1.0,USTC,2022-04-30
1651363200,85.16,86.17,78.2,78.45,WLUNA,2022-05-01
1651363200,1.0,1.0,0.9999,1.0,USDT,2022-05-01
1651363200,1.0,1.0,0.9977,1.0,PAX,2022-05-01
1651363200,0.9998,1.0,0.9985,0.9996,DAI,2022-05-01
1651363200,1.0,1.0,0.9993,1.0,USDC,2022-05-01
1651363200,1.0,1.0,0.9979,0.9996,USTC,2022-05-01
1651449600,0.9995,1.0,0.999,1.0,DAI,2022-05-02
1651449600,1.0,1.01,1.0,1.01,PAX,2022-05-02
1651449600,78.47,82.7,77.98,82.1,WLUNA,2022-05-02
1651449600,1.0,1.0,1.0,1.0,USDT,2022-05-02
1651449600,1.0,1.0,0.9995,1.0,USDC,2022-05-02
1651449600,0.9998,1.0,0.9976,1.0,USTC,2022-05-02
1651536000,1.0,1.0,0.9989,0.9993,DAI,2022-05-03
1651536000,1.01,1.01,1.0,1.0,PAX,2022-05-03
1651536000,82.08,85.54,80.9,84.51,WLUNA,2022-05-03
1651536000,1.0,1.0,0.998,1.0,USTC,2022-05-03
1651536000,1.0,1.0,0.9995,1.0,USDC,2022-05-03
1651536000,1.0,1.0,0.9999,0.9999,USDT,2022-05-03
1651622400,84.52,85.78,82.09,83.17,WLUNA,2022-05-04
1651622400,1.0,1.0,0.9995,1.0,USDC,2022-05-04
1651622400,1.0,1.01,1.0,1.0,PAX,2022-05-04
1651622400,0.9999,1.0,0.9999,1.0,USDT,2022-05-04
1651622400,0.9989,1.0,0.9981,1.0,USTC,2022-05-04
1651622400,0.9994,1.0,0.9987,0.9999,DAI,2022-05-04
1651708800,83.21,87.67,82.86,86.41,WLUNA,2022-05-05
1651708800,1.0,1.0,0.9996,1.0,USDC,2022-05-05
1651708800,1.0,1.01,1.0,1.0,PAX,2022-05-05
1651708800,1.0,1.0,0.999,1.0,DAI,2022-05-05
1651708800,1.0,1.0,0.9999,1.0,USDT,2022-05-05
1651708800,1.0,1.0,0.9966,0.9994,USTC,2022-05-05
1651795200,1.0,1.0,0.9979,0.9995,USTC,2022-05-06
1651795200,1.0,1.01,0.9971,1.01,PAX,2022-05-06
1651795200,1.0,1.0,0.9999,0.9999,USDT,2022-05-06
1651795200,1.0,1.0,0.9994,0.9999,USDC,2022-05-06
1651795200,86.41,87.31,79.33,82.63,WLUNA,2022-05-06
1651795200,1.0,1.0,0.9986,0.9998,DAI,2022-05-06
1651881600,0.9999,1.0,0.9995,1.0,USDC,2022-05-07
1651881600,82.63,82.92,78.21,78.83,WLUNA,2022-05-07
1651881600,0.9997,1.0,0.9986,1.0,DAI,2022-05-07
1651881600,0.9999,1.0,0.9999,0.9999,USDT,2022-05-07
1651881600,1.01,1.01,1.0,1.0,PAX,2022-05-07
1651881600,0.9998,1.0,0.9981,0.9996,USTC,2022-05-07
1651968000,1.0,1.0,0.999,0.9995,DAI,2022-05-08
1651968000,1.0,1.0,0.9996,0.9999,USDC,2022-05-08
1651968000,78.59,78.59,65.93,69.0,WLUNA,2022-05-08
1651968000,0.9999,1.0,0.9927,0.9969,USTC,2022-05-08
1651968000,1.0,1.01,1.0,1.0,PAX,2022-05-08
1651968000,0.9999,1.0,0.9998,0.9999,USDT,2022-05-08
1652054400,69.01,69.01,60.68,64.0,WLUNA,2022-05-09
1652054400,0.9999,1.0,0.9995,1.0,USDC,2022-05-09
1652054400,1.0,1.01,0.9974,0.9997,PAX,2022-05-09
1652054400,0.9999,1.0,0.9997,0.9999,USDT,2022-05-09
1652054400,0.9995,1.0,0.9987,0.9996,DAI,2022-05-09
1652054400,0.9969,0.9997,0.9905,0.9964,USTC,2022-05-09
1652140800,64.07,65.13,33.8,33.93,WLUNA,2022-05-10
1652140800,0.9995,1.0,0.9929,0.9995,PAX,2022-05-10
1652140800,0.9999,1.0,0.9998,0.9999,USDT,2022-05-10
1652140800,0.9954,0.999,0.7934,0.7934,USTC,2022-05-10
1652140800,0.9995,1.0,0.9965,0.9983,DAI,2022-05-10
1652140800,0.9999,1.0,0.9994,0.9996,USDC,2022-05-10
1652227200,33.61,39.41,15.75,17.23,WLUNA,2022-05-11
1652227200,0.9988,1.0,0.9981,0.9999,DAI,2022-05-11
1652227200,0.9994,1.01,0.9967,1.0,PAX,2022-05-11
1652227200,0.9996,1.0,0.9993,0.9998,USDC,2022-05-11
1652227200,0.8059,0.9486,0.6841,0.7999,USTC,2022-05-11
1652227200,0.9999,1.0,0.9997,0.9998,USDT,2022-05-11
1652313600,0.9998,0.9999,0.9935,0.9959,USDT,2022-05-12
1652313600,0.9998,1.0,0.9993,1.0,USDC,2022-05-12
1652313600,1.0,1.01,0.9931,1.0,PAX,2022-05-12
1652313600,17.21,19.33,1.03,1.11,WLUNA,2022-05-12
1652313600,0.7994,0.8474,0.2998,0.8011,USTC,2022-05-12
1652313600,0.9999,1.0,0.9942,1.0,DAI,2022-05-12
1652400000,1.11,1.4,0.05101,0.1147,WLUNA,2022-05-13
1652400000,0.8011,0.8294,0.3626,0.4086,USTC,2022-05-13
1652400000,1.0,1.01,0.9995,1.0,USDC,2022-05-13
1652400000,1.0,1.01,0.9957,1.0,DAI,2022-05-13
1652400000,1.0,1.02,0.9967,1.0,PAX,2022-05-13
1652400000,0.9959,0.9977,0.9485,0.9976,USDT,2022-05-13
1652486400,0.1148,0.2309,6.565e-05,0.000115,WLUNA,2022-05-14
1652486400,1.0,1.0,0.9996,1.0,USDC,2022-05-14
1652486400,1.0,1.0,0.9988,0.9997,DAI,2022-05-14
1652486400,1.0,1.01,0.9979,1.0,PAX,2022-05-14
1652486400,0.4055,0.4069,0.1331,0.154,USTC,2022-05-14
1652486400,0.9975,0.9992,0.9969,0.9982,USDT,2022-05-14
1652572800,0.9982,0.999,0.9978,0.9988,USDT,2022-05-15
1652572800,1.0,1.0,0.9997,1.0,USDC,2022-05-15
1652572800,0.1619,0.2552,0.1483,0.1964,USTC,2022-05-15
1652572800,0.9996,1.0,0.9981,1.0,DAI,2022-05-15
1652572800,0.000115,0.001652,6.128e-05,0.000521,WLUNA,2022-05-15
1652572800,1.0,1.0,0.9993,1.0,PAX,2022-05-15
1652659200,1.0,1.0,0.9993,1.0,DAI,2022-05-16
1652659200,0.9988,0.9991,0.9985,0.9991,USDT,2022-05-16
1652659200,0.196,0.2613,0.1703,0.1767,USTC,2022-05-16
1652659200,1.0,1.01,0.999,1.0,PAX,2022-05-16
1652659200,1.0,1.0,0.9999,1.0,USDC,2022-05-16
1652659200,0.000521,0.0005822,0.0001611,0.0002258,WLUNA,2022-05-16
1652745600,0.0002258,0.0002868,0.0001182,0.0001958,WLUNA,2022-05-17
1652745600,0.9991,0.9992,0.9987,0.9988,USDT,2022-05-17
1652745600,1.0,1.0,0.9997,1.0,USDC,2022-05-17
1652745600,1.0,1.0,0.9985,0.9997,DAI,2022-05-17
1652745600,0.1766,0.1866,0.0944,0.1264,USTC,2022-05-17
1652745600,1.0,1.0,0.999,1.0,PAX,2022-05-17
1652832000,1.0,1.0,0.9999,1.0,USDC,2022-05-18
1652832000,0.0001958,0.0002164,0.0001699,0.000191,WLUNA,2022-05-18
1652832000,0.9988,0.9991,0.9987,0.9989,USDT,2022-05-18
1652832000,0.1265,0.1562,0.1078,0.1303,USTC,2022-05-18
1652832000,1.0,1.01,0.9997,1.0,PAX,2022-05-18
1652832000,0.9998,1.0,0.9988,1.0,DAI,2022-05-18
1652918400,1.0,1.0,0.9998,0.9998,USDC,2022-05-19
1652918400,0.0001909,0.0001957,0.0001449,0.0001499,WLUNA,2022-05-19
1652918400,0.9989,0.9991,0.9985,0.9988,USDT,2022-05-19
1652918400,0.1303,0.3142,0.08784,0.09096,USTC,2022-05-19
1652918400,1.0,1.0,0.9958,0.9959,PAX,2022-05-19
1652918400,1.0,1.0,0.9988,0.999,DAI,2022-05-19
1653004800,0.9998,1.0,0.9998,1.0,USDC,2022-05-20
1653004800,0.0001499,0.0001549,0.00013,0.0001349,WLUNA,2022-05-20
1653004800,0.09099,0.1151,0.07601,0.07601,USTC,2022-05-20
1653004800,0.9961,1.0,0.9961,1.0,PAX,2022-05-20
1653004800,0.9988,0.9991,0.9985,0.999,USDT,2022-05-20
1653004800,0.9991,1.0,0.9989,1.0,DAI,2022-05-20
1653091200,1.0,1.0,0.9994,0.9999,DAI,2022-05-21
1653091200,0.07606,0.09172,0.0613,0.06627,USTC,2022-05-21
1653091200,0.0001349,0.0001491,0.0001241,0.0001244,WLUNA,2022-05-21
1653091200,1.0,1.0,0.9984,1.0,PAX,2022-05-21
1653091200,0.999,0.9994,0.9987,0.9988,USDT,2022-05-21
1653091200,1.0,1.0,0.9998,0.9999,USDC,2022-05-21
1653177600,0.06621,0.06621,0.05086,0.05648,USTC,2022-05-22
1653177600,0.9989,0.999,0.9986,0.9988,USDT,2022-05-22
1653177600,0.0001244,0.0001314,0.0001026,0.0001208,WLUNA,2022-05-22
1653177600,0.9999,1.0,0.9999,1.0,USDC,2022-05-22
1653177600,1.0,1.0,0.9991,1.0,PAX,2022-05-22
1653177600,0.9999,1.0,0.9995,1.0,DAI,2022-05-22
1653264000,1.0,1.0,0.9996,1.0,DAI,2022-05-23
1653264000,0.9988,0.9991,0.9986,0.9991,USDT,2022-05-23
1653264000,1.0,1.0,0.9999,1.0,USDC,2022-05-23
1653264000,1.0,1.0,1.0,1.0,PAX,2022-05-23
1653264000,0.0001208,0.0002286,0.0001204,0.0001915,WLUNA,2022-05-23
1653264000,0.05753,0.07346,0.05107,0.06429,USTC,2022-05-23
1653350400,1.0,1.0,0.9997,1.0,USDC,2022-05-24
1653350400,1.0,1.0,0.9984,1.0,PAX,2022-05-24
1653350400,0.06428,0.08241,0.05446,0.07137,USTC,2022-05-24
1653350400,0.0001915,0.0002168,0.0001563,0.0001598,WLUNA,2022-05-24
1653350400,0.9991,0.9993,0.9988,0.9991,USDT,2022-05-24
1653350400,1.0,1.0,0.9991,0.9998,DAI,2022-05-24
1653436800,0.0001598,0.0001809,0.0001499,0.0001757,WLUNA,2022-05-25
1653436800,0.07122,0.0925,0.06171,0.07,USTC,2022-05-25
1653436800,0.9997,1.0,0.9981,1.0,DAI,2022-05-25
1653436800,1.0,1.0,0.9942,1.0,PAX,2022-05-25
1653436800,1.0,1.0,0.9997,1.0,USDC,2022-05-25
1653436800,0.999,0.9992,0.9988,0.9991,USDT,2022-05-25
1653523200,1.0,1.0,0.9991,0.9996,DAI,2022-05-26
1653523200,1.0,1.0,0.9998,0.9998,USDC,2022-05-26
1653523200,1.0,1.0,0.9978,0.9987,PAX,2022-05-26
1653523200,0.0001758,0.0002186,0.0001636,0.000181,WLUNA,2022-05-26
1653523200,0.9991,0.9992,0.9988,0.999,USDT,2022-05-26
1653523200,0.06961,0.3221,0.06755,0.09463,USTC,2022-05-26
1653609600,0.9997,1.0,0.999,0.9997,DAI,2022-05-27
1653609600,0.000181,0.0001825,0.0001181,0.0001352,WLUNA,2022-05-27
1653609600,0.09473,0.5347,0.04801,0.06392,USTC,2022-05-27
1653609600,0.9998,1.0,0.9997,0.9999,USDC,2022-05-27
1653609600,0.9987,1.0,0.9933,0.9933,PAX,2022-05-27
1653609600,0.999,0.9992,0.9988,0.9989,USDT,2022-05-27
1653696000,0.9989,0.9992,0.9988,0.9989,USDT,2022-05-28
1653696000,0.06399,0.064,0.03277,0.0348,USTC,2022-05-28
1653696000,0.9997,1.0,0.999,0.9995,DAI,2022-05-28
1653696000,0.9933,1.01,0.9933,0.998,PAX,2022-05-28
1653696000,0.0001352,0.0001402,0.0001105,0.0001193,WLUNA,2022-05-28
1653696000,0.9999,1.0,0.9997,1.0,USDC,2022-05-28
1653782400,0.999,0.9992,0.9988,0.999,USDT,2022-05-29
1653782400,0.04006,0.04073,0.01846,0.02879,USTC,2022-05-29
1653782400,0.0001228,0.0001374,8.295e-05,9.369e-05,WLUNA,2022-05-29
1653782400,1.0,1.0,0.9998,1.0,USDC,2022-05-29
1653782400,1.0,1.0,0.9967,1.0,PAX,2022-05-29
1653782400,1.0,1.0,0.9992,1.0,DAI,2022-05-29
1653868800,1.0,1.0,0.9974,0.9986,PAX,2022-05-30
1653868800,0.999,0.9992,0.9989,0.9992,USDT,2022-05-30
1653868800,1.0,1.0,0.9993,1.0,DAI,2022-05-30
1653868800,0.02866,0.03115,0.0233,0.02677,USTC,2022-05-30
1653868800,1.0,1.0,0.9998,1.0,USDC,2022-05-30
1653868800,9.369e-05,0.0001359,7.663e-05,0.0001015,WLUNA,2022-05-30
1653955200,0.9986,1.0,0.9972,0.9989,PAX,2022-05-31
1653955200,0.0001015,0.0001861,9.842e-05,0.0001273,WLUNA,2022-05-31
1653955200,0.02677,0.03301,0.02501,0.02511,USTC,2022-05-31
1653955200,1.0,1.0,0.9995,1.0,DAI,2022-05-31
1653955200,1.0,1.0,0.9996,1.0,USDC,2022-05-31
1653955200,0.9992,0.9995,0.999,0.9994,USDT,2022-05-31
1654041600,1.0,1.0,0.9991,1.0,DAI,2022-06-01
1654041600,0.9989,1.0,0.9965,0.9982,PAX,2022-06-01
1654041600,1.0,1.0,0.9998,1.0,USDC,2022-06-01
1654041600,0.02505,0.02628,0.02085,0.02144,USTC,2022-06-01
1654041600,0.9994,0.9995,0.9993,0.9994,USDT,2022-06-01
1654041600,0.0001273,0.0001297,0.0001013,0.000112,WLUNA,2022-06-01
1654128000,1.0,1.0,0.9997,1.0,USDC,2022-06-02
1654128000,1.0,1.0,0.9981,1.0,DAI,2022-06-02
1654128000,0.000112,0.000152,9.349e-05,9.763e-05,WLUNA,2022-06-02
1654128000,0.02144,0.02177,0.01505,0.01606,USTC,2022-06-02
1654128000,0.9983,1.0,0.9944,0.9959,PAX,2022-06-02
1654128000,0.9994,0.9995,0.9989,0.9993,USDT,2022-06-02
1654214400,1.0,1.0,0.9998,1.0,USDC,2022-06-03
1654214400,0.9965,1.0,0.9948,0.9986,PAX,2022-06-03
1654214400,1.0,1.0,0.9993,1.0,DAI,2022-06-03
1654214400,0.01605,0.02045,0.01454,0.01994,USTC,2022-06-03
1654214400,0.9992,0.9995,0.9991,0.9993,USDT,2022-06-03
1654214400,9.763e-05,0.0001088,9.378e-05,9.889e-05,WLUNA,2022-06-03
1654300800,0.9986,1.0,0.9935,0.9977,PAX,2022-06-04
1654300800,1.0,1.0,0.9991,0.9999,DAI,2022-06-04
1654300800,0.9993,0.9995,0.999,0.9992,USDT,2022-06-04
1654300800,0.01976,0.02132,0.01718,0.01933,USTC,2022-06-04
1654300800,9.889e-05,0.0001076,8.767e-05,9.221e-05,WLUNA,2022-06-04
1654300800,1.0,1.0,0.9998,1.0,USDC,2022-06-04
1654387200,9.221e-05,9.448e-05,8.489e-05,8.825e-05,WLUNA,2022-06-05
1654387200,0.01934,0.01974,0.01767,0.01823,USTC,2022-06-05
1654387200,0.9999,1.0,0.9992,1.0,DAI,2022-06-05
1654387200,0.9978,1.0,0.9948,0.9999,PAX,2022-06-05
1654387200,1.0,1.0,0.9998,1.0,USDC,2022-06-05
1654387200,0.9992,0.9994,0.999,0.9993,USDT,2022-06-05
1654473600,8.825e-05,0.0001115,7.742e-05,0.0001094,WLUNA,2022-06-06
1654473600,0.9993,0.9994,0.9992,0.9993,USDT,2022-06-06
1654473600,0.9999,1.0,0.9969,1.0,PAX,2022-06-06
1654473600,0.01823,0.01838,0.01568,0.0159,USTC,2022-06-06
1654473600,1.0,1.0,0.9999,1.0,USDC,2022-06-06
1654473600,1.0,1.0,0.9995,1.0,DAI,2022-06-06
1654560000,0.0001094,0.0001481,0.0001094,0.0001414,WLUNA,2022-06-07
1654560000,1.0,1.0,0.9971,1.0,PAX,2022-06-07
1654560000,1.0,1.0,0.9997,1.0,USDC,2022-06-07
1654560000,1.0,1.0,0.9994,0.9999,DAI,2022-06-07
1654560000,0.01589,0.01727,0.01565,0.0158,USTC,2022-06-07
1654560000,0.9993,0.9995,0.9992,0.9993,USDT,2022-06-07
1654646400,0.9999,1.0,0.9986,0.9999,DAI,2022-06-08
1654646400,1.0,1.0,0.996,0.9978,PAX,2022-06-08
1654646400,0.0001414,0.000173,6.442e-05,6.442e-05,WLUNA,2022-06-08
1654646400,0.9993,0.9996,0.9991,0.9994,USDT,2022-06-08
1654646400,0.01578,0.01615,0.01335,0.01343,USTC,2022-06-08
1654646400,1.0,1.0,0.9997,1.0,USDC,2022-06-08
1654732800,0.9994,0.9996,0.9992,0.9993,USDT,2022-06-09
1654732800,6.442e-05,0.0001032,6.428e-05,8.674e-05,WLUNA,2022-06-09
1654732800,0.01342,0.01342,0.009796,0.009796,USTC,2022-06-09
1654732800,0.9977,1.0,0.9964,1.0,PAX,2022-06-09
1654732800,1.0,1.0,0.9998,1.0,USDC,2022-06-09
1654732800,0.9999,1.0,0.9991,1.0,DAI,2022-06-09
1654819200,1.0,1.0,0.9997,1.0,USDC,2022-06-10
1654819200,0.9993,0.9995,0.9992,0.9993,USDT,2022-06-10
1654819200,1.0,1.0,0.9999,1.0,PAX,2022-06-10
1654819200,0.9999,1.0,0.9992,1.0,DAI,2022-06-10
1654819200,0.009792,0.01199,0.009257,0.01147,USTC,2022-06-10
1654819200,8.675e-05,9.792e-05,5.832e-05,7.74e-05,WLUNA,2022-06-10
1654905600,7.74e-05,9.177e-05,6.313e-05,7.089e-05,WLUNA,2022-06-11
1654905600,1.0,1.0,0.9997,1.0,USDC,2022-06-11
1654905600,0.9994,0.9994,0.9991,0.9992,USDT,2022-06-11
1654905600,0.01147,0.01158,0.009606,0.009699,USTC,2022-06-11
1654905600,0.9999,1.0,0.999,0.9994,DAI,2022-06-11
1654905600,1.0,1.0,0.9995,1.0,PAX,2022-06-11
1654992000,7.089e-05,9.813e-05,5.893e-05,6.908e-05,WLUNA,2022-06-12
1654992000,0.009703,0.009973,0.008632,0.00872,USTC,2022-06-12
1654992000,1.0,1.0,0.9997,1.0,USDC,2022-06-12
1654992000,0.9994,1.0,0.9985,0.9998,DAI,2022-06-12
1654992000,0.9992,0.9993,0.999,0.999,USDT,2022-06-12
1654992000,1.0,1.0,0.9971,1.0,PAX,2022-06-12
1655078400,0.999,0.9991,0.9988,0.9991,USDT,2022-06-13
1655078400,0.00872,0.01096,0.008088,0.009822,USTC,2022-06-13
1655078400,1.0,1.01,0.9983,0.9989,PAX,2022-06-13
1655078400,6.908e-05,7.972e-05,5.956e-05,6.885e-05,WLUNA,2022-06-13
1655078400,1.0,1.0,0.9995,1.0,USDC,2022-06-13
1655078400,0.9997,1.0,0.9987,0.9999,DAI,2022-06-13
1655164800,0.9986,1.01,0.9948,1.0,PAX,2022-06-14
1655164800,6.885e-05,7.442e-05,5.447e-05,6.145e-05,WLUNA,2022-06-14
1655164800,0.9999,1.0,0.9986,1.0,DAI,2022-06-14
1655164800,0.009819,0.009819,0.00821,0.008378,USTC,2022-06-14
1655164800,0.9991,0.9991,0.9975,0.9986,USDT,2022-06-14
1655164800,0.9999,1.0,0.9995,1.0,USDC,2022-06-14
1655251200,6.145e-05,6.661e-05,5.272e-05,6.37e-05,WLUNA,2022-06-15
1655251200,0.008381,0.008723,0.007862,0.008099,USTC,2022-06-15
1655251200,1.0,1.0,0.9989,1.0,DAI,2022-06-15
1655251200,0.9986,0.9991,0.9986,0.999,USDT,2022-06-15
1655251200,1.0,1.0,0.9996,1.0,USDC,2022-06-15
1655251200,1.0,1.01,0.9964,0.9995,PAX,2022-06-15
1655337600,6.37e-05,6.667e-05,5.071e-05,5.968e-05,WLUNA,2022-06-16
1655337600,1.0,1.0,0.9988,1.0,DAI,2022-06-16
1655337600,0.9989,0.999,0.9982,0.9989,USDT,2022-06-16
1655337600,1.0,1.0,0.9998,1.0,USDC,2022-06-16
1655337600,0.008107,0.008157,0.006925,0.007789,USTC,2022-06-16
1655337600,0.9993,1.01,0.9976,1.0,PAX,2022-06-16
1655424000,0.007791,0.008139,0.006918,0.006929,USTC,2022-06-17
1655424000,1.0,1.01,0.999,1.0,PAX,2022-06-17
1655424000,1.0,1.0,0.9998,1.0,USDC,2022-06-17
1655424000,5.968e-05,6.614e-05,5.092e-05,5.438e-05,WLUNA,2022-06-17
1655424000,0.9989,0.9991,0.9986,0.9989,USDT,2022-06-17
1655424000,1.0,1.0,0.9988,1.0,DAI,2022-06-17
1655510400,5.438e-05,6.455e-05,5.038e-05,6.07e-05,WLUNA,2022-06-18
1655510400,1.0,1.01,0.9985,1.0,PAX,2022-06-18
1655510400,0.999,0.9991,0.9987,0.999,USDT,2022-06-18
1655510400,0.006928,0.007564,0.006911,0.007289,USTC,2022-06-18
1655510400,1.0,1.0,0.9994,1.0,DAI,2022-06-18
1655510400,1.0,1.0,0.9999,1.0,USDC,2022-06-18
1655596800,6.07e-05,6.458e-05,4.357e-05,5.692e-05,WLUNA,2022-06-19
1655596800,0.999,0.999,0.9985,0.9987,USDT,2022-06-19
1655596800,1.0,1.01,0.9978,1.0,PAX,2022-06-19
1655596800,0.00729,0.007363,0.006218,0.00654,USTC,2022-06-19
1655596800,1.0,1.0,0.9996,1.0,USDC,2022-06-19
1655596800,1.0,1.0,0.9984,1.0,DAI,2022-06-19
1655683200,0.00654,0.008755,0.00633,0.008107,USTC,2022-06-20
1655683200,1.0,1.01,0.9958,1.0,PAX,2022-06-20
1655683200,1.0,1.0,0.9991,1.0,DAI,2022-06-20
1655683200,1.0,1.0,0.9999,1.0,USDC,2022-06-20
1655683200,0.9987,0.999,0.9985,0.999,USDT,2022-06-20
1655683200,5.692e-05,6.537e-05,4.609e-05,5.996e-05,WLUNA,2022-06-20
1655769600,0.9999,1.0,0.9987,1.0,DAI,2022-06-21
1655769600,0.9989,0.9991,0.9986,0.999,USDT,2022-06-21
1655769600,5.996e-05,6.12e-05,5.446e-05,5.446e-05,WLUNA,2022-06-21
1655769600,1.0,1.01,0.996,1.0,PAX,2022-06-21
1655769600,1.0,1.0,0.9998,1.0,USDC,2022-06-21
1655769600,0.008111,0.00913,0.007727,0.008227,USTC,2022-06-21
1655856000,1.0,1.0,0.9998,0.9999,USDC,2022-06-22
1655856000,1.0,1.01,0.9978,1.0,PAX,2022-06-22
1655856000,5.446e-05,6.412e-05,5.427e-05,5.661e-05,WLUNA,2022-06-22
1655856000,1.0,1.0,0.999,0.9998,DAI,2022-06-22
1655856000,0.999,0.9992,0.9989,0.9991,USDT,2022-06-22
1655856000,0.008231,0.008829,0.008209,0.008307,USTC,2022-06-22
1655942400,0.008308,0.008335,0.007895,0.008151,USTC,2022-06-23
1655942400,1.0,1.0,0.996,0.9989,PAX,2022-06-23
1655942400,5.657e-05,5.954e-05,5.357e-05,5.498e-05,WLUNA,2022-06-23
1655942400,0.9999,1.0,0.9983,0.9991,DAI,2022-06-23
1655942400,0.9991,0.9991,0.9989,0.9991,USDT,2022-06-23
1655942400,0.9999,1.0,0.9996,1.0,USDC,2022-06-23
1656028800,0.9989,1.01,0.9977,1.0,PAX,2022-06-24
1656028800,0.9991,0.9993,0.9989,0.9993,USDT,2022-06-24
1656028800,1.0,1.0,0.9998,1.0,USDC,2022-06-24
1656028800,0.9991,1.0,0.9991,1.0,DAI,2022-06-24
1656028800,5.498e-05,5.988e-05,4.818e-05,5.688e-05,WLUNA,2022-06-24
1656028800,0.008149,0.008572,0.008143,0.008526,USTC,2022-06-24
1656115200,0.008528,0.01682,0.008496,0.01383,USTC,2022-06-25
1656115200,1.0,1.0,0.999,1.0,DAI,2022-06-25
1656115200,0.9993,0.9995,0.9991,0.9993,USDT,2022-06-25
1656115200,1.0,1.0,0.9979,0.9989,PAX,2022-06-25
1656115200,5.688e-05,6.223e-05,4.919e-05,6.158e-05,WLUNA,2022-06-25
1656115200,1.0,1.0,0.9998,0.9999,USDC,2022-06-25
1656201600,0.0139,0.01557,0.009191,0.009738,USTC,2022-06-26
1656201600,0.9993,0.9996,0.9993,0.9995,USDT,2022-06-26
1656201600,0.9999,1.0,0.9997,1.0,USDC,2022-06-26
1656201600,0.999,1.0,0.9969,1.0,PAX,2022-06-26
1656201600,6.158e-05,6.178e-05,4.24e-05,5.61e-05,WLUNA,2022-06-26
1656201600,1.0,1.0,0.9992,1.0,DAI,2022-06-26
1656288000,5.61e-05,7.38e-05,5.372e-05,6.47e-05,WLUNA,2022-06-27
1656288000,1.0,1.0,0.9958,0.9973,PAX,2022-06-27
1656288000,1.0,1.0,0.9998,0.9998,USDC,2022-06-27
1656288000,0.9996,0.9996,0.9994,0.9994,USDT,2022-06-27
1656288000,1.0,1.0,0.9992,0.9996,DAI,2022-06-27
1656288000,0.009741,0.02363,0.009741,0.02318,USTC,2022-06-27
1656374400,0.02319,0.04313,0.01423,0.02043,USTC,2022-06-28
1656374400,0.9995,0.9996,0.999,0.9991,USDT,2022-06-28
1656374400,0.9997,1.0,0.999,0.9992,DAI,2022-06-28
1656374400,1.0,1.0,0.9998,1.0,USDC,2022-06-28
1656374400,6.47e-05,0.000104,4.522e-05,5.26e-05,WLUNA,2022-06-28
1656374400,0.9973,1.0,0.9936,0.9973,PAX,2022-06-28
1656460800,0.9971,1.0,0.9945,0.9975,PAX,2022-06-29
1656460800,0.02044,0.05897,0.01752,0.04216,USTC,2022-06-29
1656460800,0.9992,1.0,0.9989,0.9999,DAI,2022-06-29
1656460800,5.26e-05,0.0001291,3.564e-05,0.0001147,WLUNA,2022-06-29
1656460800,1.0,1.0,0.9998,1.0,USDC,2022-06-29
1656460800,0.9991,0.9991,0.9988,0.9988,USDT,2022-06-29
1656547200,0.9988,0.9991,0.9985,0.9989,USDT,2022-06-30
1656547200,0.0001147,0.0005404,0.0001091,0.0003676,WLUNA,2022-06-30
1656547200,0.9975,1.0,0.9947,0.9986,PAX,2022-06-30
1656547200,0.9999,1.0,0.9995,1.0,DAI,2022-06-30
1656547200,0.04232,0.08966,0.03986,0.0811,USTC,2022-06-30
1656547200,1.0,1.0,0.9998,1.0,USDC,2022-06-30
1656633600,0.9989,0.9991,0.9988,0.9988,USDT,2022-07-01
1656633600,1.0,1.0,0.999,1.0,DAI,2022-07-01
1656633600,0.0003676,0.0005959,9.663e-05,0.0003179,WLUNA,2022-07-01
1656633600,0.9987,1.0,0.9942,1.0,PAX,2022-07-01
1656633600,0.08098,0.08122,0.04415,0.04681,USTC,2022-07-01
1656633600,1.0,1.0,0.9997,0.9999,USDC,2022-07-01
1656720000,1.0,1.0,0.9998,1.0,USDC,2022-07-02
1656720000,0.04681,0.06962,0.04136,0.06353,USTC,2022-07-02
1656720000,1.0,1.0,0.999,0.9999,DAI,2022-07-02
1656720000,1.0,1.0,0.9955,0.9975,PAX,2022-07-02
1656720000,0.9989,0.9991,0.9987,0.9989,USDT,2022-07-02
1656720000,0.000318,0.0003319,0.0002101,0.0002244,WLUNA,2022-07-02
1656806400,0.0002245,0.0003429,0.0001177,0.0001279,WLUNA,2022-07-03
1656806400,0.06363,0.06495,0.05392,0.05661,USTC,2022-07-03
1656806400,0.9999,1.0,0.9991,1.0,DAI,2022-07-03
1656806400,0.9977,1.0,0.9964,0.9993,PAX,2022-07-03
1656806400,1.0,1.0,0.9997,0.9999,USDC,2022-07-03
1656806400,0.9989,0.9991,0.9988,0.999,USDT,2022-07-03
1656892800,0.9999,1.0,0.9998,1.0,USDC,2022-07-04
1656892800,0.9993,1.0,0.9961,1.0,PAX,2022-07-04
1656892800,1.0,1.0,0.9994,1.0,DAI,2022-07-04
1656892800,0.05661,0.06575,0.05514,0.0656,USTC,2022-07-04
1656892800,0.0001279,0.0001444,9.476e-05,0.0001313,WLUNA,2022-07-04
1656892800,0.999,0.9991,0.9989,0.9991,USDT,2022-07-04
1656979200,1.0,1.0,0.9993,1.0,DAI,2022-07-05
1656979200,0.0001313,0.0001334,0.0001154,0.0001304,WLUNA,2022-07-05
1656979200,0.06562,0.06825,0.06285,0.06453,USTC,2022-07-05
1656979200,1.0,1.0,0.9957,0.9988,PAX,2022-07-05
1656979200,1.0,1.0,0.9998,1.0,USDC,2022-07-05
1656979200,0.9991,0.9992,0.999,0.9991,USDT,2022-07-05
1657065600,0.06449,0.06449,0.0552,0.05708,USTC,2022-07-06
1657065600,0.9991,0.9992,0.9989,0.9991,USDT,2022-07-06
1657065600,0.0001304,0.0001305,0.0001073,0.000121,WLUNA,2022-07-06
1657065600,0.9987,1.0,0.9924,0.9977,PAX,2022-07-06
1657065600,1.0,1.0,0.9998,1.0,USDC,2022-07-06
1657065600,1.0,1.0,0.9991,0.9999,DAI,2022-07-06
1657152000,0.9991,0.9992,0.999,0.9991,USDT,2022-07-07
1657152000,0.9999,1.0,0.9994,1.0,DAI,2022-07-07
1657152000,0.9978,1.0,0.9954,0.9969,PAX,2022-07-07
1657152000,0.05707,0.05877,0.04849,0.0516,USTC,2022-07-07
1657152000,0.000121,0.000122,0.0001002,0.0001117,WLUNA,2022-07-07
1657152000,1.0,1.0,0.9997,0.9999,USDC,2022-07-07
1657238400,1.0,1.0,0.9997,1.0,DAI,2022-07-08
1657238400,0.0001117,0.0001221,0.0001044,0.0001107,WLUNA,2022-07-08
1657238400,0.9999,1.0,0.9985,1.0,USDC,2022-07-08
1657238400,0.05158,0.05652,0.04892,0.05262,USTC,2022-07-08
1657238400,0.9991,0.9995,0.999,0.9994,USDT,2022-07-08
1657238400,0.9969,1.0,0.9961,0.9999,PAX,2022-07-08
1657324800,0.0001107,0.0001149,0.0001061,0.000109,WLUNA,2022-07-09
1657324800,0.05261,0.05285,0.04968,0.05003,USTC,2022-07-09
1657324800,1.0,1.0,0.999,0.9996,DAI,2022-07-09
1657324800,1.0,1.0,0.9996,0.9998,USDC,2022-07-09
1657324800,0.9994,0.9996,0.9993,0.9994,USDT,2022-07-09
1657324800,0.9998,1.0,0.9932,0.9966,PAX,2022-07-09
1657411200,0.9999,1.0,0.9998,1.0,USDC,2022-07-10
1657411200,0.9994,0.9996,0.9993,0.9995,USDT,2022-07-10
1657411200,0.000109,0.0001171,0.0001047,0.0001125,WLUNA,2022-07-10
1657411200,0.9971,1.0,0.9959,0.9972,PAX,2022-07-10
1657411200,0.05002,0.05003,0.04781,0.04875,USTC,2022-07-10
1657411200,0.9996,1.0,0.9992,0.9997,DAI,2022-07-10
1657497600,0.9997,1.0,0.9988,0.9995,DAI,2022-07-11
1657497600,0.04873,0.05383,0.04866,0.05118,USTC,2022-07-11
1657497600,0.9973,1.0,0.9932,0.9989,PAX,2022-07-11
1657497600,1.0,1.0,0.9997,1.0,USDC,2022-07-11
1657497600,0.0001125,0.0001131,0.0001049,0.000111,WLUNA,2022-07-11
1657497600,0.9995,0.9996,0.9994,0.9995,USDT,2022-07-11
1657584000,0.9995,1.0,0.9988,0.9995,DAI,2022-07-12
1657584000,0.000111,0.0001111,0.0001,0.0001023,WLUNA,2022-07-12
1657584000,1.0,1.0,0.9997,1.0,USDC,2022-07-12
1657584000,0.05119,0.05164,0.04766,0.0477,USTC,2022-07-12
1657584000,0.9995,0.9996,0.9991,0.9992,USDT,2022-07-12
1657584000,0.9988,1.0,0.9957,0.9984,PAX,2022-07-12
1657670400,0.9994,1.0,0.999,0.9992,DAI,2022-07-13
1657670400,0.0001023,0.0001023,9.09e-05,9.276e-05,WLUNA,2022-07-13
1657670400,1.0,1.0,0.9997,0.9999,USDC,2022-07-13
1657670400,0.04771,0.04782,0.04184,0.04186,USTC,2022-07-13
1657670400,0.9984,1.0,0.9947,0.9998,PAX,2022-07-13
1657670400,0.9992,0.9994,0.9991,0.9993,USDT,2022-07-13
1657756800,0.9992,1.0,0.9991,1.0,DAI,2022-07-14
1657756800,0.9999,1.0,0.9995,1.0,USDC,2022-07-14
1657756800,0.9999,1.0,0.996,1.0,PAX,2022-07-14
1657756800,0.9993,0.9994,0.9992,0.9994,USDT,2022-07-14
1657756800,0.04188,0.043,0.03761,0.03959,USTC,2022-07-14
1657756800,9.275e-05,9.744e-05,8.475e-05,9.649e-05,WLUNA,2022-07-14
1657843200,0.03959,0.03963,0.03421,0.03579,USTC,2022-07-15
1657843200,9.65e-05,9.756e-05,8.729e-05,9.362e-05,WLUNA,2022-07-15
1657843200,1.0,1.0,0.9997,0.9999,USDC,2022-07-15
1657843200,1.0,1.0,0.9992,0.9998,DAI,2022-07-15
1657843200,0.9994,0.9995,0.9993,0.9994,USDT,2022-07-15
1657843200,1.0,1.01,0.997,1.0,PAX,2022-07-15
1657929600,0.03578,0.05252,0.03471,0.0501,USTC,2022-07-16
1657929600,0.9997,1.0,0.9991,0.9999,DAI,2022-07-16
1657929600,1.0,1.0,0.997,0.9988,PAX,2022-07-16
1657929600,0.9994,0.9997,0.9993,0.9997,USDT,2022-07-16
1657929600,1.0,1.0,0.9996,0.9999,USDC,2022-07-16
1657929600,9.362e-05,0.0001137,8.941e-05,0.0001067,WLUNA,2022-07-16
1658016000,0.9997,0.9999,0.9997,0.9998,USDT,2022-07-17
1658016000,0.9987,1.01,0.9958,0.9989,PAX,2022-07-17
1658016000,0.05012,0.0511,0.04324,0.04334,USTC,2022-07-17
1658016000,0.0001067,0.0001109,9.805e-05,0.0001045,WLUNA,2022-07-17
1658016000,0.9999,1.0,0.9989,0.9999,DAI,2022-07-17
1658016000,0.9999,1.0,0.9996,1.0,USDC,2022-07-17
1658102400,1.0,1.0,0.999,0.9993,DAI,2022-07-18
1658102400,1.0,1.0,0.9995,1.0,USDC,2022-07-18
1658102400,0.999,1.0,0.9968,0.9981,PAX,2022-07-18
1658102400,0.0001045,0.0001062,9.783e-05,0.0001,WLUNA,2022-07-18
1658102400,0.04335,0.04498,0.04262,0.04326,USTC,2022-07-18
1658102400,0.9998,0.9999,0.9997,0.9997,USDT,2022-07-18
1658188800,0.04325,0.04688,0.04244,0.04488,USTC,2022-07-19
1658188800,0.0001,0.0001094,9.98e-05,0.0001079,WLUNA,2022-07-19
1658188800,0.9994,1.0,0.9987,1.0,DAI,2022-07-19
1658188800,1.0,1.0,0.9995,1.0,USDC,2022-07-19
1658188800,0.9997,0.9999,0.9997,0.9998,USDT,2022-07-19
1658188800,0.9966,1.01,0.9965,1.0,PAX,2022-07-19
1658275200,0.0001079,0.0001094,0.0001012,0.0001067,WLUNA,2022-07-20
1658275200,0.9998,1.0,0.9998,1.0,USDT,2022-07-20
1658275200,1.0,1.0,0.9987,1.0,DAI,2022-07-20
1658275200,0.04489,0.04489,0.0423,0.043,USTC,2022-07-20
1658275200,1.0,1.0,0.9966,0.9995,PAX,2022-07-20
1658275200,0.9999,1.0,0.9994,0.9999,USDC,2022-07-20
1658361600,0.9995,1.0,0.996,0.9973,PAX,2022-07-21
1658361600,0.9999,1.0,0.9995,0.9999,USDC,2022-07-21
1658361600,0.043,0.04409,0.03875,0.03923,USTC,2022-07-21
1658361600,1.0,1.0,0.9983,0.9991,DAI,2022-07-21
1658361600,0.0001067,0.000111,0.0001003,0.0001003,WLUNA,2022-07-21
1658361600,1.0,1.0,1.0,1.0,USDT,2022-07-21
1658448000,0.9999,1.0,0.9995,1.0,USDC,2022-07-22
1658448000,0.0001003,0.000103,9.762e-05,0.0001014,WLUNA,2022-07-22
1658448000,0.9992,1.0,0.9984,0.9999,DAI,2022-07-22
1658448000,0.9973,1.0,0.9946,1.0,PAX,2022-07-22
1658448000,1.0,1.0,0.9999,1.0,USDT,2022-07-22
1658448000,0.03923,0.04037,0.03763,0.03984,USTC,2022-07-22
1658534400,0.0001014,0.0001047,9.627e-05,9.838e-05,WLUNA,2022-07-23
1658534400,1.0,1.0,0.9974,0.999,PAX,2022-07-23
1658534400,1.0,1.0,1.0,1.0,USDT,2022-07-23
1658534400,1.0,1.0,0.9992,1.0,USDC,2022-07-23
1658534400,0.03985,0.03989,0.03778,0.03804,USTC,2022-07-23
1658534400,1.0,1.0,0.9988,0.9999,DAI,2022-07-23
1658620800,9.838e-05,0.0001044,9.481e-05,9.896e-05,WLUNA,2022-07-24
1658620800,0.9987,1.0,0.9972,0.9994,PAX,2022-07-24
1658620800,0.9999,1.0,0.999,1.0,DAI,2022-07-24
1658620800,1.0,1.0,0.9999,1.0,USDT,2022-07-24
1658620800,0.9999,1.0,0.9995,1.0,USDC,2022-07-24
1658620800,0.03803,0.03945,0.03617,0.03793,USTC,2022-07-24
1658707200,0.9995,1.0,0.9964,0.9966,PAX,2022-07-25
1658707200,0.03793,0.03853,0.03676,0.03717,USTC,2022-07-25
1658707200,1.0,1.0,0.9992,0.9998,DAI,2022-07-25
1658707200,1.0,1.0,0.9999,1.0,USDT,2022-07-25
1658707200,1.0,1.0,0.9996,1.0,USDC,2022-07-25
1658707200,9.896e-05,0.0001034,9.517e-05,0.0001005,WLUNA,2022-07-25
1658793600,0.9966,1.0,0.9936,0.9951,PAX,2022-07-26
1658793600,1.0,1.0,0.9994,0.9997,USDC,2022-07-26
1658793600,0.0001005,0.0001005,8.392e-05,9.099e-05,WLUNA,2022-07-26
1658793600,0.9998,1.0,0.9989,0.9993,DAI,2022-07-26
1658793600,1.0,1.0,1.0,1.0,USDT,2022-07-26
1658793600,0.03717,0.0372,0.035,0.035,USTC,2022-07-26
1658880000,0.03499,0.03529,0.03292,0.03529,USTC,2022-07-27
1658880000,1.0,1.0,0.9999,1.0,USDT,2022-07-27
1658880000,0.9951,1.0,0.9949,1.0,PAX,2022-07-27
1658880000,0.9993,1.0,0.9987,1.0,DAI,2022-07-27
1658880000,9.098e-05,9.564e-05,8.671e-05,9.213e-05,WLUNA,2022-07-27
1658880000,0.9998,1.0,0.9996,1.0,USDC,2022-07-27
1658966400,0.03532,0.04169,0.03504,0.03676,USTC,2022-07-28
1658966400,1.0,1.0,0.9996,1.0,USDC,2022-07-28
1658966400,1.0,1.01,0.9979,0.9997,PAX,2022-07-28
1658966400,1.0,1.0,0.999,0.9999,DAI,2022-07-28
1658966400,9.214e-05,9.821e-05,8.579e-05,9.771e-05,WLUNA,2022-07-28
1658966400,1.0,1.0,0.9999,1.0,USDT,2022-07-28
1659052800,1.0,1.0,1.0,1.0,USDT,2022-07-29
1659052800,0.03676,0.03791,0.03614,0.03727,USTC,2022-07-29
1659052800,9.771e-05,0.0001038,9.16e-05,9.931e-05,WLUNA,2022-07-29
1659052800,0.9997,1.0,0.9964,0.9981,PAX,2022-07-29
1659052800,1.0,1.0,0.9994,1.0,USDC,2022-07-29
1659052800,1.0,1.0,0.9988,0.999,DAI,2022-07-29
1659139200,0.9981,1.0,0.996,0.9988,PAX,2022-07-30
1659139200,1.0,1.0,1.0,1.0,USDT,2022-07-30
1659139200,0.9991,1.0,0.9984,0.9991,DAI,2022-07-30
1659139200,0.03727,0.03786,0.03533,0.03567,USTC,2022-07-30
1659139200,9.931e-05,0.0001025,9.358e-05,9.561e-05,WLUNA,2022-07-30
1659139200,1.0,1.0,0.9992,0.9997,USDC,2022-07-30
1659225600,0.9997,1.0,0.9994,0.9999,USDC,2022-07-31
1659225600,0.9992,1.0,0.9986,0.9994,DAI,2022-07-31
1659225600,9.561e-05,0.0001022,9.521e-05,9.636e-05,WLUNA,2022-07-31
1659225600,0.9989,1.0,0.9963,0.9996,PAX,2022-07-31
1659225600,0.03568,0.03749,0.03486,0.03523,USTC,2022-07-31
1659225600,1.0,1.0,1.0,1.0,USDT,2022-07-31
1659312000,0.9994,1.0,0.9988,0.9991,DAI,2022-08-01
1659312000,0.03523,0.03619,0.0348,0.03496,USTC,2022-08-01
1659312000,1.0,1.0,1.0,1.0,USDT,2022-08-01
1659312000,0.9997,1.0,0.9993,0.9998,USDC,2022-08-01
1659312000,0.9997,1.0,0.9963,1.0,PAX,2022-08-01
1659312000,9.636e-05,0.0001035,9.475e-05,9.676e-05,WLUNA,2022-08-01
1659398400,0.03494,0.03922,0.03494,0.03596,USTC,2022-08-02
1659398400,0.9992,1.0,0.9988,1.0,DAI,2022-08-02
1659398400,0.9998,1.0,0.9995,0.9998,USDC,2022-08-02
1659398400,1.0,1.0,1.0,1.0,USDT,2022-08-02
1659398400,1.0,1.0,0.9969,1.0,PAX,2022-08-02
1659398400,9.676e-05,0.0001142,8.33e-05,0.000104,WLUNA,2022-08-02
1659484800,0.03596,0.03603,0.03371,0.03423,USTC,2022-08-03
1659484800,0.9999,1.0,0.9993,0.9999,USDC,2022-08-03
1659484800,0.000104,0.0001098,9.185e-05,9.863e-05,WLUNA,2022-08-03
1659484800,1.0,1.0,0.9983,0.9997,DAI,2022-08-03
1659484800,1.0,1.0,0.9969,0.9997,PAX,2022-08-03
1659484800,1.0,1.0,1.0,1.0,USDT,2022-08-03
1659571200,0.9995,1.0,0.9988,0.9997,DAI,2022-08-04
1659571200,0.9999,1.0,0.9964,0.9992,PAX,2022-08-04
1659571200,0.03422,0.03472,0.03353,0.03353,USTC,2022-08-04
1659571200,9.863e-05,0.0001042,9.572e-05,9.935e-05,WLUNA,2022-08-04
1659571200,0.9999,1.0,0.9996,1.0,USDC,2022-08-04
1659571200,1.0,1.0,1.0,1.0,USDT,2022-08-04
1659657600,9.935e-05,0.0001021,9.564e-05,9.803e-05,WLUNA,2022-08-05
1659657600,0.9996,1.0,0.9985,1.0,DAI,2022-08-05
1659657600,0.9991,1.0,0.9978,1.0,PAX,2022-08-05
1659657600,1.0,1.0,1.0,1.0,USDT,2022-08-05
1659657600,0.03353,0.03432,0.03305,0.03341,USTC,2022-08-05
1659657600,1.0,1.0,0.9996,1.0,USDC,2022-08-05
1659744000,1.0,1.0,0.9984,1.0,PAX,2022-08-06
1659744000,9.803e-05,0.0001027,9.564e-05,0.0001007,WLUNA,2022-08-06
1659744000,1.0,1.0,1.0,1.0,USDT,2022-08-06
1659744000,1.0,1.0,0.999,1.0,DAI,2022-08-06
1659744000,0.0334,0.03403,0.03321,0.03369,USTC,2022-08-06
1659744000,1.0,1.0,0.9994,1.0,USDC,2022-08-06
1659830400,1.0,1.0,0.999,0.9994,DAI,2022-08-07
1659830400,0.03369,0.03385,0.03314,0.03353,USTC,2022-08-07
1659830400,1.0,1.0,1.0,1.0,USDT,2022-08-07
1659830400,1.0,1.0,0.9988,0.9994,PAX,2022-08-07
1659830400,0.0001007,0.0001055,9.213e-05,9.83e-05,WLUNA,2022-08-07
1659830400,1.0,1.0,0.9996,0.9997,USDC,2022-08-07
1659916800,9.83e-05,0.000101,9.546e-05,9.817e-05,WLUNA,2022-08-08
1659916800,0.9995,1.0,0.9988,0.9991,DAI,2022-08-08
1659916800,0.9996,1.0,0.9984,1.0,PAX,2022-08-08
1659916800,1.0,1.0,1.0,1.0,USDT,2022-08-08
1659916800,0.9998,1.0,0.9995,0.9999,USDC,2022-08-08
1659916800,0.03352,0.03352,0.03198,0.03231,USTC,2022-08-08
1660003200,0.9999,1.0,0.9994,1.0,USDC,2022-08-09
1660003200,0.9991,1.0,0.999,0.9997,DAI,2022-08-09
1660003200,1.0,1.0,0.9993,1.0,PAX,2022-08-09
1660003200,9.817e-05,0.0001024,9.503e-05,9.854e-05,WLUNA,2022-08-09
1660003200,1.0,1.0,1.0,1.0,USDT,2022-08-09
1660003200,0.03231,0.03265,0.0314,0.03143,USTC,2022-08-09
1660089600,1.0,1.0,0.9975,0.9994,PAX,2022-08-10
1660089600,9.854e-05,0.0001088,8.555e-05,9.75e-05,WLUNA,2022-08-10
1660089600,1.0,1.0,1.0,1.0,USDT,2022-08-10
1660089600,1.0,1.0,0.9991,0.9998,USDC,2022-08-10
1660089600,0.03142,0.03178,0.02916,0.02981,USTC,2022-08-10
1660089600,0.9998,1.0,0.9985,1.0,DAI,2022-08-10
1660176000,9.749e-05,0.000102,9.066e-05,0.0001012,WLUNA,2022-08-11
1660176000,0.9994,1.0,0.9977,1.0,PAX,2022-08-11
1660176000,1.0,1.0,0.9988,1.0,DAI,2022-08-11
1660176000,1.0,1.0,1.0,1.0,USDT,2022-08-11
1660176000,0.9998,1.0,0.9995,1.0,USDC,2022-08-11
1660176000,0.02981,0.03083,0.02871,0.02972,USTC,2022-08-11
1660262400,1.0,1.0,0.9996,0.9999,USDC,2022-08-12
1660262400,0.0001013,0.0001059,9.303e-05,9.384e-05,WLUNA,2022-08-12
1660262400,0.02972,0.03047,0.02887,0.02888,USTC,2022-08-12
1660262400,1.0,1.0,0.9984,0.9996,DAI,2022-08-12
1660262400,1.0,1.0,1.0,1.0,USDT,2022-08-12
1660262400,1.0,1.0,0.9981,0.9981,PAX,2022-08-12
1660348800,0.02888,0.0296,0.02834,0.0291,USTC,2022-08-13
1660348800,9.388e-05,0.0001931,9.223e-05,9.765e-05,WLUNA,2022-08-13
1660348800,0.9995,1.0,0.9984,0.9997,DAI,2022-08-13
1660348800,1.0,1.0,1.0,1.0,USDT,2022-08-13
1660348800,0.998,1.0,0.9966,1.0,PAX,2022-08-13
1660348800,0.9999,1.0,0.9997,1.0,USDC,2022-08-13
1660435200,0.9998,1.0,0.9986,0.9996,DAI,2022-08-14
1660435200,1.0,1.0,1.0,1.0,USDT,2022-08-14
1660435200,1.0,1.0,0.9997,0.9999,USDC,2022-08-14
1660435200,9.767e-05,0.0001022,9.25e-05,9.643e-05,WLUNA,2022-08-14
1660435200,0.0291,0.02917,0.02774,0.02781,USTC,2022-08-14
1660435200,1.0,1.0,0.998,0.9998,PAX,2022-08-14
1660521600,0.9996,1.0,0.9981,0.9994,DAI,2022-08-15
1660521600,1.0,1.0,1.0,1.0,USDT,2022-08-15
1660521600,0.9999,1.0,0.9996,0.9998,USDC,2022-08-15
1660521600,9.645e-05,0.0001097,9.332e-05,9.816e-05,WLUNA,2022-08-15
1660521600,0.02782,0.02965,0.02649,0.02855,USTC,2022-08-15
1660521600,0.9999,1.0,0.9974,1.0,PAX,2022-08-15
1660608000,1.0,1.0,1.0,1.0,USDT,2022-08-16
1660608000,9.811e-05,0.0001047,9.273e-05,9.669e-05,WLUNA,2022-08-16
1660608000,0.9999,1.0,0.9995,0.9999,USDC,2022-08-16
1660608000,0.02855,0.02855,0.02601,0.02621,USTC,2022-08-16
1660608000,0.9995,1.0,0.9979,0.9996,DAI,2022-08-16
1660608000,1.0,1.0,0.9975,1.0,PAX,2022-08-16
1660694400,1.0,1.0,0.9977,0.999,PAX,2022-08-17
1660694400,0.02621,0.02656,0.0259,0.02599,USTC,2022-08-17
1660694400,9.665e-05,0.000101,9.428e-05,9.813e-05,WLUNA,2022-08-17
1660694400,0.9995,1.0,0.9981,0.9998,DAI,2022-08-17
1660694400,0.9999,1.0,0.9996,1.0,USDC,2022-08-17
1660694400,1.0,1.0,1.0,1.0,USDT,2022-08-17
1660780800,1.0,1.0,0.9994,0.9999,USDC,2022-08-18
1660780800,0.02599,0.02649,0.02435,0.02447,USTC,2022-08-18
1660780800,9.812e-05,0.000103,9.151e-05,9.453e-05,WLUNA,2022-08-18
1660780800,0.9989,1.0,0.9956,1.0,PAX,2022-08-18
1660780800,0.9998,1.0,0.9969,0.9994,DAI,2022-08-18
1660780800,1.0,1.0,0.9999,1.0,USDT,2022-08-18
1660867200,0.9999,1.0,0.9996,0.9999,USDC,2022-08-19
1660867200,0.9995,1.0,0.9985,0.9987,DAI,2022-08-19
1660867200,9.453e-05,9.92e-05,9.015e-05,9.588e-05,WLUNA,2022-08-19
1660867200,0.02448,0.02872,0.02388,0.02661,USTC,2022-08-19
1660867200,1.0,1.0,0.9999,0.9999,USDT,2022-08-19
1660867200,1.0,1.0,0.9981,0.9988,PAX,2022-08-19
1660953600,0.9999,1.0,0.9999,1.0,USDT,2022-08-20
1660953600,0.9999,1.0,0.9995,1.0,USDC,2022-08-20
1660953600,0.9985,1.0,0.9977,0.9989,DAI,2022-08-20
1660953600,0.9987,1.0,0.9948,0.9986,PAX,2022-08-20
1660953600,9.589e-05,9.59e-05,8.244e-05,8.382e-05,WLUNA,2022-08-20
1660953600,0.0266,0.02764,0.02241,0.02241,USTC,2022-08-20
1661040000,1.0,1.0,0.9999,0.9999,USDT,2022-08-21
1661040000,0.9993,1.0,0.9962,0.9999,PAX,2022-08-21
1661040000,0.9989,1.0,0.997,1.0,DAI,2022-08-21
1661040000,8.38e-05,9.128e-05,8.318e-05,8.719e-05,WLUNA,2022-08-21
1661040000,0.0224,0.02314,0.02196,0.02239,USTC,2022-08-21
1661040000,0.9999,1.0,0.9997,1.0,USDC,2022-08-21
1661126400,1.0,1.0,0.9998,1.0,USDC,2022-08-22
1661126400,0.9999,1.0,0.9999,0.9999,USDT,2022-08-22
1661126400,1.0,1.0,0.9987,0.9997,DAI,2022-08-22
1661126400,8.719e-05,9.757e-05,8.449e-05,9.068e-05,WLUNA,2022-08-22
1661126400,0.02239,0.02281,0.02232,0.02262,USTC,2022-08-22
1661126400,0.9998,1.0,0.9974,1.0,PAX,2022-08-22
1661212800,0.9999,1.0,0.9977,1.0,DAI,2022-08-23
1661212800,0.02262,0.02307,0.02191,0.02292,USTC,2022-08-23
1661212800,1.0,1.0,0.9985,1.0,PAX,2022-08-23
1661212800,1.0,1.0,0.9998,1.0,USDC,2022-08-23
1661212800,9.071e-05,9.787e-05,8.726e-05,9.108e-05,WLUNA,2022-08-23
1661212800,0.9999,1.0,0.9999,0.9999,USDT,2022-08-23
1661299200,0.02292,0.03237,0.02282,0.03045,USTC,2022-08-24
1661299200,9.102e-05,0.0001146,8.989e-05,0.0001085,WLUNA,2022-08-24
1661299200,0.9999,1.0,0.9999,0.9999,USDT,2022-08-24
1661299200,1.0,1.0,0.9986,0.9999,DAI,2022-08-24
1661299200,1.0,1.0,0.9997,0.9999,USDC,2022-08-24
1661299200,1.0,1.0,0.9986,1.0,PAX,2022-08-24
1661385600,0.03046,0.03145,0.02666,0.02668,USTC,2022-08-25
1661385600,0.9999,1.0,0.9999,1.0,USDT,2022-08-25
1661385600,0.9999,1.0,0.9987,0.9995,DAI,2022-08-25
1661385600,1.0,1.0,0.9982,0.9998,PAX,2022-08-25
1661385600,0.0001086,0.0001094,9.746e-05,0.0001017,WLUNA,2022-08-25
1661385600,0.9999,1.0,0.9996,0.9999,USDC,2022-08-25
1661472000,0.9998,1.0,0.9986,1.0,PAX,2022-08-26
1661472000,0.0001017,0.0001435,9.785e-05,0.0001381,WLUNA,2022-08-26
1661472000,1.0,1.0,0.9999,1.0,USDT,2022-08-26
1661472000,0.02668,0.03112,0.02642,0.03034,USTC,2022-08-26
1661472000,0.9999,1.0,0.9997,0.9999,USDC,2022-08-26
1661472000,0.9995,1.0,0.9991,1.0,DAI,2022-08-26
1661558400,0.0001381,0.0001706,0.0001088,0.000123,WLUNA,2022-08-27
1661558400,0.03032,0.03032,0.02532,0.02543,USTC,2022-08-27
1661558400,1.0,1.0,0.9999,1.0,USDT,2022-08-27
1661558400,1.0,1.0,0.994,0.9974,PAX,2022-08-27
1661558400,0.9999,1.0,0.9995,0.9999,USDC,2022-08-27
1661558400,1.0,1.0,0.998,0.9994,DAI,2022-08-27
1661644800,0.9999,1.0,0.9997,1.0,USDC,2022-08-28
1661644800,0.9995,1.0,0.9974,1.0,DAI,2022-08-28
1661644800,1.0,1.0,0.9999,1.0,USDT,2022-08-28
1661644800,0.02544,0.02599,0.02479,0.0255,USTC,2022-08-28
1661644800,0.9973,1.0,0.9962,0.9995,PAX,2022-08-28
1661644800,0.000123,0.000251,9.164e-05,0.0001436,WLUNA,2022-08-28
1661731200,0.0001436,0.0002246,0.0001192,0.0001255,WLUNA,2022-08-29
1661731200,1.0,1.0,0.9997,1.0,USDC,2022-08-29
1661731200,0.02554,0.02586,0.0242,0.02423,USTC,2022-08-29
1661731200,1.0,1.0,0.9976,0.9987,DAI,2022-08-29
1661731200,1.0,1.0,0.9999,1.0,USDT,2022-08-29
1661731200,0.9995,1.0,0.9979,0.999,PAX,2022-08-29
1661817600,0.02423,0.02719,0.02402,0.02684,USTC,2022-08-30
1661817600,0.9992,1.0,0.9965,1.0,PAX,2022-08-30
1661817600,0.000125,0.000139,0.0001241,0.0001308,WLUNA,2022-08-30
1661817600,0.9988,1.0,0.9988,0.9999,DAI,2022-08-30
1661817600,0.9999,1.0,0.9998,0.9999,USDC,2022-08-30
1661817600,1.0,1.0,0.9999,1.0,USDT,2022-08-30
1661904000,1.0,1.0,0.9983,1.0,PAX,2022-08-31
1661904000,0.02685,0.02796,0.0249,0.02602,USTC,2022-08-31
1661904000,0.9999,1.0,0.9997,1.0,USDC,2022-08-31
1661904000,1.0,1.0,0.9999,1.0,USDT,2022-08-31
1661904000,0.0001308,0.0002635,0.0001278,0.0001657,WLUNA,2022-08-31
1661904000,0.9999,1.0,0.9974,0.9991,DAI,2022-08-31
1661990400,0.9992,1.0,0.9978,0.9996,DAI,2022-09-01
1661990400,0.9999,1.0,0.9997,1.0,USDC,2022-09-01
1661990400,1.0,1.0,0.9999,1.0,USDT,2022-09-01
1661990400,0.02602,0.03198,0.02553,0.03069,USTC,2022-09-01
1661990400,1.0,1.0,0.9973,0.9993,PAX,2022-09-01
1661990400,0.0001657,0.0003812,0.0001519,0.0002312,WLUNA,2022-09-01
1662076800,0.03069,0.04108,0.03007,0.03711,USTC,2022-09-02
1662076800,0.9994,1.0,0.9974,0.9994,PAX,2022-09-02
1662076800,1.0,1.0,0.9997,0.9999,USDC,2022-09-02
1662076800,1.0,1.0,0.9999,1.0,USDT,2022-09-02
1662076800,0.9997,1.0,0.9971,0.9998,DAI,2022-09-02
1662076800,0.0002313,0.0004239,0.0002097,0.0002725,WLUNA,2022-09-02
1662163200,0.0002725,0.000304,0.0002143,0.0002367,WLUNA,2022-09-03
1662163200,0.9999,1.0,0.9997,1.0,USDC,2022-09-03
1662163200,0.9993,1.0,0.9983,0.9991,PAX,2022-09-03
1662163200,0.9998,1.0,0.9981,1.0,DAI,2022-09-03
1662163200,0.9999,1.0,0.9999,1.0,USDT,2022-09-03
1662163200,0.03712,0.03872,0.03077,0.03099,USTC,2022-09-03
1662249600,0.031,0.03314,0.0297,0.0319,USTC,2022-09-04
1662249600,1.0,1.0,0.9983,1.0,DAI,2022-09-04
1662249600,0.0002365,0.0003368,0.0002161,0.0002577,WLUNA,2022-09-04
1662249600,1.0,1.0,0.9996,1.0,USDC,2022-09-04
1662249600,0.9991,1.0,0.998,0.9984,PAX,2022-09-04
1662249600,1.0,1.0,1.0,1.0,USDT,2022-09-04
1662336000,1.0,1.0,0.9999,1.0,USDT,2022-09-05
1662336000,1.0,1.0,0.9998,1.0,USDC,2022-09-05
1662336000,1.0,1.0,0.9991,1.0,DAI,2022-09-05
1662336000,0.9984,1.0,0.9976,1.0,PAX,2022-09-05
1662336000,0.0319,0.03253,0.0296,0.03012,USTC,2022-09-05
1662336000,0.0002577,0.0002717,0.0002308,0.0002504,WLUNA,2022-09-05
1662422400,1.0,1.0,0.9999,1.0,USDT,2022-09-06
1662422400,1.0,1.0,0.9996,0.9999,USDC,2022-09-06
1662422400,1.0,1.0,0.999,1.0,DAI,2022-09-06
1662422400,0.03013,0.03794,0.02998,0.03793,USTC,2022-09-06
1662422400,0.0002504,0.0004152,0.0002411,0.0004148,WLUNA,2022-09-06
1662422400,1.0,1.0,0.9978,1.0,PAX,2022-09-06
1662508800,0.03788,0.04609,0.03533,0.04118,USTC,2022-09-07
1662508800,1.0,1.0,0.9999,1.0,USDT,2022-09-07
1662508800,0.0004148,0.0004549,0.0003559,0.0003673,WLUNA,2022-09-07
1662508800,0.9999,1.0,0.9995,0.9999,USDC,2022-09-07
1662508800,1.0,1.01,0.9956,0.999,PAX,2022-09-07
1662508800,1.0,1.0,0.9977,0.9986,DAI,2022-09-07
1662595200,0.04117,0.04602,0.03805,0.04218,USTC,2022-09-08
1662595200,0.0003683,0.0005113,0.0003345,0.0004441,WLUNA,2022-09-08
1662595200,0.9986,1.0,0.9985,1.0,DAI,2022-09-08
1662595200,0.9988,1.0,0.9968,0.9998,PAX,2022-09-08
1662595200,1.0,1.0,0.9999,1.0,USDT,2022-09-08
1662595200,0.9998,1.0,0.9997,0.9999,USDC,2022-09-08
1662681600,1.0,1.0,1.0,1.0,USDT,2022-09-09
1662681600,0.0004441,0.0006292,0.0004244,0.0005279,WLUNA,2022-09-09
1662681600,1.0,1.0,0.9986,1.0,DAI,2022-09-09
1662681600,0.9999,1.0,0.9997,0.9999,USDC,2022-09-09
1662681600,0.9998,1.0,0.9977,0.9994,PAX,2022-09-09
1662681600,0.0422,0.05056,0.04176,0.04295,USTC,2022-09-09
1662768000,0.9999,1.0,0.9996,0.9999,USDC,2022-09-10
1662768000,1.0,1.0,0.999,0.9999,DAI,2022-09-10
1662768000,0.04311,0.06588,0.04068,0.06017,USTC,2022-09-10
1662768000,1.0,1.0,1.0,1.0,USDT,2022-09-10
1662768000,0.0005279,0.0005553,0.0003938,0.0004388,WLUNA,2022-09-10
1662768000,0.9993,1.0,0.997,1.0,PAX,2022-09-10
1662854400,1.0,1.0,1.0,1.0,USDT,2022-09-11
1662854400,0.9999,1.0,0.9997,0.9999,USDC,2022-09-11
1662854400,1.0,1.0,0.999,0.9997,DAI,2022-09-11
1662854400,0.06017,0.06752,0.05733,0.06094,USTC,2022-09-11
1662854400,0.0004385,0.0004902,0.000413,0.0004378,WLUNA,2022-09-11
1662854400,1.0,1.0,0.9979,0.9995,PAX,2022-09-11
1662940800,0.9999,1.0,0.9996,0.9999,USDC,2022-09-12
1662940800,0.9998,1.0,0.9984,1.0,DAI,2022-09-12
1662940800,1.0,1.0,1.0,1.0,USDT,2022-09-12
1662940800,0.06103,0.06432,0.051,0.05174,USTC,2022-09-12
1662940800,0.0004402,0.0004688,0.00039,0.0004166,WLUNA,2022-09-12
1662940800,0.9994,1.0,0.9977,1.0,PAX,2022-09-12
1663027200,1.0,1.0,0.9974,0.9998,DAI,2022-09-13
1663027200,0.0004161,0.0004268,0.0002828,0.0002831,WLUNA,2022-09-13
1663027200,1.0,1.0,1.0,1.0,USDT,2022-09-13
1663027200,0.9999,1.0,0.9995,1.0,USDC,2022-09-13
1663027200,0.05178,0.05379,0.04224,0.04227,USTC,2022-09-13
1663027200,1.0,1.0,0.9984,1.0,PAX,2022-09-13
1663113600,1.0,1.0,0.9999,1.0,USDT,2022-09-14
1663113600,0.04228,0.04846,0.04193,0.04528,USTC,2022-09-14
1663113600,0.9998,1.0,0.9966,0.9997,DAI,2022-09-14
1663113600,1.0,1.0,0.9954,0.9995,PAX,2022-09-14
1663113600,1.0,1.0,0.9994,1.0,USDC,2022-09-14
1663113600,0.0002841,0.0004354,0.0002841,0.0004064,WLUNA,2022-09-14
1663200000,0.9987,1.0,0.9976,0.9992,PAX,2022-09-15
1663200000,0.9999,1.0,0.9998,1.0,USDC,2022-09-15
1663200000,0.9985,1.0,0.9982,1.0,DAI,2022-09-15
1663200000,0.04491,0.04605,0.03418,0.03753,USTC,2022-09-15
1663200000,0.0003562,0.0004097,0.0002724,0.0003041,WLUNA,2022-09-15
1663200000,1.0,1.0,0.9999,1.0,USDT,2022-09-15
1663286400,0.0003041,0.0003042,0.000248,0.0002624,WLUNA,2022-09-16
1663286400,0.9994,1.0,0.9948,1.0,PAX,2022-09-16
1663286400,0.03753,0.0376,0.03109,0.03163,USTC,2022-09-16
1663286400,1.0,1.0,0.9982,0.9997,DAI,2022-09-16
1663286400,1.0,1.0,0.9997,1.0,USDC,2022-09-16
1663286400,1.0,1.0,0.9999,1.0,USDT,2022-09-16
1663372800,0.9999,1.0,0.9972,0.9996,PAX,2022-09-17
1663372800,0.03164,0.03678,0.03156,0.03492,USTC,2022-09-17
1663372800,1.0,1.0,0.9997,1.0,USDC,2022-09-17
1663372800,0.0002625,0.0003233,0.0002604,0.0003121,WLUNA,2022-09-17
1663372800,1.0,1.0,0.9999,0.9999,USDT,2022-09-17
1663372800,0.9998,1.0,0.9985,1.0,DAI,2022-09-17
1663459200,1.0,1.0,0.999,1.0,DAI,2022-09-18
1663459200,1.0,1.0,0.9999,1.0,USDC,2022-09-18
1663459200,0.03492,0.03515,0.03277,0.03308,USTC,2022-09-18
1663459200,0.9997,1.0,0.9989,1.0,PAX,2022-09-18
1663459200,0.000312,0.0003401,0.0002953,0.000306,WLUNA,2022-09-18
1663459200,0.9999,1.0,0.9999,1.0,USDT,2022-09-18
1663545600,0.03309,0.03375,0.0291,0.02925,USTC,2022-09-19
1663545600,1.0,1.0,0.9997,1.0,USDC,2022-09-19
1663545600,1.0,1.0,0.9986,0.9994,DAI,2022-09-19
1663545600,0.0003063,0.0003176,0.0002677,0.0002727,WLUNA,2022-09-19
1663545600,1.0,1.0,0.9951,0.9964,PAX,2022-09-19
1663545600,1.0,1.0,0.9999,1.0,USDT,2022-09-19
1663632000,0.9992,1.0,0.998,0.9993,DAI,2022-09-20
1663632000,0.9999,1.0,0.9997,0.9999,USDC,2022-09-20
1663632000,0.0002726,0.0003212,0.0002633,0.0003135,WLUNA,2022-09-20
1663632000,0.9964,1.0,0.9957,1.0,PAX,2022-09-20
1663632000,1.0,1.0,0.9999,1.0,USDT,2022-09-20
1663632000,0.02929,0.03682,0.02925,0.03503,USTC,2022-09-20
1663718400,0.0003134,0.000326,0.0002846,0.0003227,WLUNA,2022-09-21
1663718400,1.0,1.0,1.0,1.0,USDT,2022-09-21
1663718400,0.9992,1.0,0.9986,0.9995,DAI,2022-09-21
1663718400,0.03505,0.03529,0.03178,0.03384,USTC,2022-09-21
1663718400,1.0,1.0,0.9974,1.0,PAX,2022-09-21
1663718400,0.9999,1.0,0.9996,0.9999,USDC,2022-09-21
1663804800,0.9995,1.0,0.9979,1.0,DAI,2022-09-22
1663804800,1.0,1.0,0.9959,1.0,PAX,2022-09-22
1663804800,1.0,1.0,1.0,1.0,USDT,2022-09-22
1663804800,0.9999,1.0,0.9993,1.0,USDC,2022-09-22
1663804800,0.03384,0.03497,0.03213,0.03269,USTC,2022-09-22
1663804800,0.000323,0.0003316,0.0002716,0.0002846,WLUNA,2022-09-22
1663891200,1.0,1.0,0.9999,0.9999,USDT,2022-09-23
1663891200,0.0002846,0.0002878,0.000262,0.000274,WLUNA,2022-09-23
1663891200,1.0,1.0,0.9961,1.0,PAX,2022-09-23
1663891200,0.0327,0.0332,0.03212,0.0323,USTC,2022-09-23
1663891200,1.0,1.0,0.9986,0.9997,DAI,2022-09-23
1663891200,1.0,1.0,0.9996,0.9999,USDC,2022-09-23
1663977600,0.9999,1.0,0.9997,0.9999,USDC,2022-09-24
1663977600,0.9995,1.0,0.999,1.0,DAI,2022-09-24
1663977600,0.9999,1.0,0.9999,0.9999,USDT,2022-09-24
1663977600,0.000274,0.0002796,0.0002356,0.0002546,WLUNA,2022-09-24
1663977600,0.0323,0.0329,0.02995,0.03084,USTC,2022-09-24
1663977600,1.0,1.0,0.9966,1.0,PAX,2022-09-24
1664064000,0.9999,1.0,0.9999,1.0,USDT,2022-09-25
1664064000,1.0,1.0,0.9974,0.9987,PAX,2022-09-25
1664064000,0.0002546,0.0002641,0.0002215,0.0002261,WLUNA,2022-09-25
1664064000,1.0,1.0,0.9996,0.9999,USDC,2022-09-25
1664064000,0.03084,0.0321,0.02987,0.03011,USTC,2022-09-25
1664064000,1.0,1.0,0.9986,0.9996,DAI,2022-09-25
1664150400,1.0,1.0,1.0,1.0,USDT,2022-09-26
1664150400,0.9999,1.0,0.9998,0.9999,USDC,2022-09-26
1664150400,0.0002239,0.0002413,0.0001846,0.0001963,WLUNA,2022-09-26
1664150400,0.9986,1.0,0.9974,0.9979,PAX,2022-09-26
1664150400,0.03011,0.03055,0.02782,0.02832,USTC,2022-09-26
1664150400,0.9995,1.0,0.9985,0.9998,DAI,2022-09-26
1664236800,0.0001962,0.0003235,0.0001872,0.00031,WLUNA,2022-09-27
1664236800,0.9981,1.0,0.996,1.0,PAX,2022-09-27
1664236800,1.0,1.0,0.9999,0.9999,USDT,2022-09-27
1664236800,0.9998,1.0,0.9987,0.9999,DAI,2022-09-27
1664236800,0.02832,0.03384,0.02645,0.03328,USTC,2022-09-27
1664236800,1.0,1.0,0.9997,1.0,USDC,2022-09-27
1664323200,0.0003101,0.0003103,0.0002646,0.0002795,WLUNA,2022-09-28
1664323200,0.9999,1.0,0.9999,0.9999,USDT,2022-09-28
1664323200,1.0,1.0,0.9974,0.9998,DAI,2022-09-28
1664323200,0.03331,0.03366,0.0305,0.03127,USTC,2022-09-28
1664323200,1.0,1.01,0.9951,0.9976,PAX,2022-09-28
1664323200,1.0,1.0,0.9997,1.0,USDC,2022-09-28
1664409600,0.9996,1.0,0.9982,0.9994,DAI,2022-09-29
1664409600,0.03127,0.03262,0.02935,0.03111,USTC,2022-09-29
1664409600,0.9973,1.0,0.9953,1.0,PAX,2022-09-29
1664409600,0.0002795,0.0002976,0.0002581,0.0002766,WLUNA,2022-09-29
1664409600,0.9999,1.0,0.9999,0.9999,USDT,2022-09-29
1664409600,1.0,1.0,0.9998,1.0,USDC,2022-09-29
1664496000,1.0,1.0,0.9965,0.9999,PAX,2022-09-30
1664496000,0.9999,1.0,0.9999,1.0,USDT,2022-09-30
1664496000,0.0002765,0.0002896,0.0002681,0.0002864,WLUNA,2022-09-30
1664496000,0.9995,1.0,0.9984,1.0,DAI,2022-09-30
1664496000,0.03112,0.0312,0.03021,0.03058,USTC,2022-09-30
1664496000,1.0,1.0,0.9997,1.0,USDC,2022-09-30
1664582400,0.9999,1.0,0.9973,1.0,PAX,2022-10-01
1664582400,0.0306,0.03318,0.03045,0.03197,USTC,2022-10-01
1664582400,1.0,1.0,1.0,1.0,USDT,2022-10-01
1664582400,0.0002869,0.000311,0.0002785,0.0003027,WLUNA,2022-10-01
1664582400,0.9999,1.0,0.9984,0.9998,DAI,2022-10-01
1664582400,0.9999,1.0,0.9998,1.0,USDC,2022-10-01
1664668800,1.0,1.0,0.9995,1.0,PAX,2022-10-02
1664668800,0.03195,0.03258,0.03096,0.03232,USTC,2022-10-02
1664668800,0.9999,1.0,0.999,0.9995,DAI,2022-10-02
1664668800,1.0,1.0,0.9998,0.9999,USDC,2022-10-02
1664668800,0.0003019,0.0003507,0.0002865,0.0003318,WLUNA,2022-10-02
1664668800,1.0,1.0,0.9999,1.0,USDT,2022-10-02
1664755200,0.03231,0.03421,0.03191,0.03206,USTC,2022-10-03
1664755200,1.0,1.0,0.9994,0.9999,USDC,2022-10-03
1664755200,1.0,1.0,0.9999,1.0,USDT,2022-10-03
1664755200,1.0,1.0,0.9962,0.9974,PAX,2022-10-03
1664755200,0.0003266,0.0003707,0.0002761,0.0003348,WLUNA,2022-10-03
1664755200,0.9995,1.0,0.9986,0.9996,DAI,2022-10-03
1664841600,0.9974,1.01,0.997,1.0,PAX,2022-10-04
1664841600,1.0,1.0,0.9998,0.9999,USDC,2022-10-04
1664841600,0.03208,0.03228,0.03061,0.03121,USTC,2022-10-04
1664841600,0.0003347,0.0003542,0.0002898,0.0003282,WLUNA,2022-10-04
1664841600,1.0,1.0,0.9999,1.0,USDT,2022-10-04
1664841600,0.9998,1.0,0.999,1.0,DAI,2022-10-04
1664928000,1.0,1.01,0.998,1.0,PAX,2022-10-05
1664928000,0.03121,0.03172,0.03076,0.03093,USTC,2022-10-05
1664928000,0.0003288,0.0003359,0.0003075,0.0003156,WLUNA,2022-10-05
1664928000,0.9999,1.0,0.9998,0.9999,USDC,2022-10-05
1664928000,1.0,1.0,1.0,1.0,USDT,2022-10-05
1664928000,1.0,1.0,0.9992,0.9999,DAI,2022-10-05
1665014400,0.9999,1.0,0.9997,0.9999,USDC,2022-10-06
1665014400,0.9998,1.0,0.9989,0.9997,DAI,2022-10-06
1665014400,1.0,1.0,1.0,1.0,USDT,2022-10-06
1665014400,0.03093,0.03126,0.02991,0.03026,USTC,2022-10-06
1665014400,1.0,1.01,0.9966,0.9988,PAX,2022-10-06
1665014400,0.0003155,0.0003173,0.0002717,0.0002932,WLUNA,2022-10-06
1665100800,0.9989,1.0,0.9949,0.9973,PAX,2022-10-07
1665100800,0.03025,0.03058,0.02936,0.02945,USTC,2022-10-07
1665100800,1.0,1.0,0.9997,0.9999,USDC,2022-10-07
1665100800,0.9998,1.0,0.9989,0.9995,DAI,2022-10-07
1665100800,1.0,1.0,1.0,1.0,USDT,2022-10-07
1665100800,0.0002929,0.0003039,0.0002808,0.0002818,WLUNA,2022-10-07
1665187200,1.0,1.0,1.0,1.0,USDT,2022-10-08
1665187200,0.9996,1.0,0.9984,0.9996,DAI,2022-10-08
1665187200,0.0002806,0.0003033,0.0002772,0.000292,WLUNA,2022-10-08
1665187200,0.9973,1.0,0.9929,0.9973,PAX,2022-10-08
1665187200,0.02946,0.03017,0.02921,0.02938,USTC,2022-10-08
1665187200,0.9999,1.0,0.9997,1.0,USDC,2022-10-08
1665273600,0.9999,1.0,0.9998,1.0,USDC,2022-10-09
1665273600,1.0,1.0,1.0,1.0,USDT,2022-10-09
1665273600,0.02939,0.02963,0.02906,0.02933,USTC,2022-10-09
1665273600,0.0002919,0.0002948,0.0002737,0.0002911,WLUNA,2022-10-09
1665273600,0.9997,1.0,0.9988,0.9998,DAI,2022-10-09
1665273600,0.9973,0.9996,0.9924,0.9986,PAX,2022-10-09
1665360000,0.9999,1.0,0.9991,0.9999,DAI,2022-10-10
1665360000,0.9986,1.0,0.991,0.9999,PAX,2022-10-10
1665360000,1.0,1.0,0.9999,0.9999,USDC,2022-10-10
1665360000,0.02932,0.0363,0.02894,0.03431,USTC,2022-10-10
1665360000,1.0,1.0,1.0,1.0,USDT,2022-10-10
1665360000,0.0002912,0.000307,0.0002844,0.000307,WLUNA,2022-10-10
1665446400,0.03432,0.04509,0.03305,0.04296,USTC,2022-10-11
1665446400,1.0,1.0,0.9931,0.9971,PAX,2022-10-11
1665446400,0.9999,1.0,0.9986,0.9993,DAI,2022-10-11
1665446400,0.000307,0.0003116,0.0002833,0.0002835,WLUNA,2022-10-11
1665446400,0.9999,1.0,0.9997,0.9999,USDC,2022-10-11
1665446400,1.0,1.0,0.9999,1.0,USDT,2022-10-11
1665532800,0.9999,1.0,0.9997,1.0,USDC,2022-10-12
1665532800,0.04296,0.06012,0.04088,0.05802,USTC,2022-10-12
1665532800,0.9992,1.0,0.9987,0.9997,DAI,2022-10-12
1665532800,0.9971,1.0,0.9936,0.9956,PAX,2022-10-12
1665532800,1.0,1.0,0.9999,0.9999,USDT,2022-10-12
1665532800,0.0002835,0.000289,0.0002669,0.0002755,WLUNA,2022-10-12
1665619200,0.9999,1.0,0.9999,0.9999,USDT,2022-10-13
1665619200,0.05809,0.0621,0.04428,0.04443,USTC,2022-10-13
1665619200,0.9997,1.0,0.9992,0.9993,DAI,2022-10-13
1665619200,0.9958,0.9996,0.9944,0.996,PAX,2022-10-13
1665619200,1.0,1.0,0.9999,0.9999,USDC,2022-10-13
1665619200,0.0002755,0.000294,0.0002731,0.0002757,WLUNA,2022-10-13
1665705600,0.04443,0.05357,0.0444,0.05287,USTC,2022-10-14
1665705600,0.9999,1.0,0.9999,1.0,USDT,2022-10-14
1665705600,0.9992,1.0,0.9984,0.9996,DAI,2022-10-14
1665705600,0.0002757,0.0002861,0.0002514,0.0002751,WLUNA,2022-10-14
1665705600,0.9999,1.0,0.9995,1.0,USDC,2022-10-14
1665705600,0.9958,1.01,0.9908,1.0,PAX,2022-10-14
1665792000,1.0,1.0,1.0,1.0,USDT,2022-10-15
1665792000,0.9997,1.0,0.9987,1.0,DAI,2022-10-15
1665792000,0.0002751,0.0002884,0.0002653,0.0002715,WLUNA,2022-10-15
1665792000,1.0,1.0,0.9997,0.9999,USDC,2022-10-15
1665792000,0.05282,0.05337,0.04594,0.04627,USTC,2022-10-15
1665792000,1.0,1.0,0.994,0.9953,PAX,2022-10-15
1665878400,0.9953,0.9992,0.9934,0.9979,PAX,2022-10-16
1665878400,0.9999,1.0,0.9998,0.9999,USDC,2022-10-16
1665878400,0.0002715,0.0002723,0.0002547,0.0002624,WLUNA,2022-10-16
1665878400,0.0463,0.04768,0.04111,0.04183,USTC,2022-10-16
1665878400,1.0,1.0,0.9991,0.9997,DAI,2022-10-16
1665878400,1.0,1.0,1.0,1.0,USDT,2022-10-16
1665964800,0.0002624,0.0002675,0.0002535,0.0002607,WLUNA,2022-10-17
1665964800,0.9999,1.0,0.9998,0.9999,USDC,2022-10-17
1665964800,0.9979,0.9998,0.9951,0.9978,PAX,2022-10-17
1665964800,0.9996,1.0,0.9992,0.9998,DAI,2022-10-17
1665964800,0.04183,0.04239,0.03767,0.03767,USTC,2022-10-17
1665964800,1.0,1.0,1.0,1.0,USDT,2022-10-17
1666051200,0.0002607,0.0002677,0.0002525,0.0002608,WLUNA,2022-10-18
1666051200,1.0,1.0,1.0,1.0,USDT,2022-10-18
1666051200,0.03767,0.04134,0.03698,0.03842,USTC,2022-10-18
1666051200,0.9998,1.0,0.9991,0.9996,DAI,2022-10-18
1666051200,0.9978,1.0,0.9965,0.9996,PAX,2022-10-18
1666051200,0.9999,1.0,0.9999,0.9999,USDC,2022-10-18
1666137600,0.03842,0.03887,0.0357,0.03595,USTC,2022-10-19
1666137600,0.0002608,0.0002669,0.0002425,0.0002456,WLUNA,2022-10-19
1666137600,1.0,1.0,1.0,1.0,USDT,2022-10-19
1666137600,0.9996,1.0,0.9989,0.9997,DAI,2022-10-19
1666137600,0.9999,1.0,0.9998,0.9999,USDC,2022-10-19
1666137600,0.9996,1.0,0.9974,0.9997,PAX,2022-10-19
1666224000,0.9999,1.0,0.9998,1.0,USDC,2022-10-20
1666224000,0.9998,1.0,0.9988,1.0,DAI,2022-10-20
1666224000,0.03595,0.04059,0.03423,0.04048,USTC,2022-10-20
1666224000,1.0,1.0,1.0,1.0,USDT,2022-10-20
1666224000,0.0002456,0.0002609,0.000237,0.0002493,WLUNA,2022-10-20
1666224000,0.9998,1.01,0.9947,0.9962,PAX,2022-10-20
1666310400,1.0,1.0,0.9998,0.9999,USDC,2022-10-21
1666310400,0.0002492,0.0002544,0.0002315,0.0002372,WLUNA,2022-10-21
1666310400,0.04046,0.04161,0.03665,0.03705,USTC,2022-10-21
1666310400,0.9998,1.0,0.9988,0.9997,DAI,2022-10-21
1666310400,0.9963,1.0,0.9912,0.9976,PAX,2022-10-21
1666310400,1.0,1.0,0.9999,0.9999,USDT,2022-10-21
1666396800,0.03706,0.03782,0.03531,0.03749,USTC,2022-10-22
1666396800,0.9976,1.0,0.9943,0.9998,PAX,2022-10-22
1666396800,0.9999,1.0,0.9998,1.0,USDC,2022-10-22
1666396800,0.0002339,0.0002396,0.0002212,0.0002318,WLUNA,2022-10-22
1666396800,0.9999,1.0,0.9999,1.0,USDT,2022-10-22
1666396800,0.9997,1.0,0.9987,0.9999,DAI,2022-10-22
1666483200,1.0,1.0,0.9998,1.0,USDC,2022-10-23
1666483200,0.0375,0.0377,0.03537,0.03601,USTC,2022-10-23
1666483200,1.0,1.0,1.0,1.0,USDT,2022-10-23
1666483200,0.9997,1.0,0.9953,0.9966,PAX,2022-10-23
1666483200,0.9999,1.0,0.9991,0.9999,DAI,2022-10-23
1666483200,0.0002318,0.0002383,0.0002287,0.0002373,WLUNA,2022-10-23
1666569600,0.03604,0.03903,0.03536,0.03808,USTC,2022-10-24
1666569600,0.9966,1.0,0.9954,1.0,PAX,2022-10-24
1666569600,1.0,1.0,1.0,1.0,USDT,2022-10-24
1666569600,0.9999,1.0,0.999,1.0,DAI,2022-10-24
1666569600,1.0,1.0,0.9998,1.0,USDC,2022-10-24
1666569600,0.0002373,0.000245,0.0002282,0.0002394,WLUNA,2022-10-24
1666656000,1.0,1.0,1.0,1.0,USDT,2022-10-25
1666656000,1.0,1.0,0.9986,0.9997,DAI,2022-10-25
1666656000,0.0002393,0.000245,0.0002117,0.0002254,WLUNA,2022-10-25
1666656000,1.0,1.0,0.994,0.9955,PAX,2022-10-25
1666656000,1.0,1.0,0.9998,0.9999,USDC,2022-10-25
1666656000,0.03811,0.03811,0.03612,0.03648,USTC,2022-10-25
1666742400,0.03648,0.03798,0.03626,0.03706,USTC,2022-10-26
1666742400,1.0,1.0,1.0,1.0,USDT,2022-10-26
1666742400,0.9997,1.0,0.9984,0.9999,DAI,2022-10-26
1666742400,0.0002254,0.0002564,0.0002233,0.000242,WLUNA,2022-10-26
1666742400,0.9999,1.0,0.9997,0.9999,USDC,2022-10-26
1666742400,0.9955,1.0,0.9927,1.0,PAX,2022-10-26
1666828800,0.0002417,0.0002528,0.0002279,0.0002376,WLUNA,2022-10-27
1666828800,1.0,1.0,0.994,0.9996,PAX,2022-10-27
1666828800,1.0,1.0,1.0,1.0,USDT,2022-10-27
1666828800,0.03705,0.03832,0.03697,0.03715,USTC,2022-10-27
1666828800,0.9999,1.0,0.9997,1.0,USDC,2022-10-27
1666828800,0.9998,1.0,0.9989,0.9998,DAI,2022-10-27
1666915200,0.03706,0.04329,0.03706,0.04154,USTC,2022-10-28
1666915200,0.9997,1.0,0.9985,0.9997,DAI,2022-10-28
1666915200,0.0002376,0.000251,0.0002339,0.0002389,WLUNA,2022-10-28
1666915200,1.0,1.0,1.0,1.0,USDT,2022-10-28
1666915200,0.9995,1.0,0.9913,0.9952,PAX,2022-10-28
1666915200,1.0,1.0,0.9997,0.9999,USDC,2022-10-28
1667001600,0.0002389,0.0002516,0.000235,0.0002412,WLUNA,2022-10-29
1667001600,0.9997,1.0,0.9987,1.0,DAI,2022-10-29
1667001600,1.0,1.0,1.0,1.0,USDT,2022-10-29
1667001600,0.9953,1.0,0.9904,0.9994,PAX,2022-10-29
1667001600,0.9999,1.0,0.9997,0.9999,USDC,2022-10-29
1667001600,0.04155,0.0465,0.04108,0.04121,USTC,2022-10-29
1667088000,1.0,1.0,0.9991,1.0,DAI,2022-10-30
1667088000,0.9994,1.0,0.9915,0.9971,PAX,2022-10-30
1667088000,0.9999,1.0,0.9997,1.0,USDC,2022-10-30
1667088000,1.0,1.0,1.0,1.0,USDT,2022-10-30
1667088000,0.04124,0.04231,0.03819,0.0386,USTC,2022-10-30
1667088000,0.0002412,0.0002494,0.0002291,0.0002363,WLUNA,2022-10-30
1667174400,0.997,1.0,0.9939,1.0,PAX,2022-10-31
1667174400,1.0,1.0,0.9998,1.0,USDC,2022-10-31
1667174400,0.0002363,0.0002682,0.0002301,0.0002437,WLUNA,2022-10-31
1667174400,1.0,1.0,0.9989,1.0,DAI,2022-10-31
1667174400,1.0,1.0,1.0,1.0,USDT,2022-10-31
1667174400,0.0386,0.0404,0.03787,0.03949,USTC,2022-10-31
1667260800,1.0,1.0,0.9952,0.9973,PAX,2022-11-01
1667260800,1.0,1.0,0.9995,0.9999,USDC,2022-11-01
1667260800,0.0002437,0.0002545,0.0002333,0.0002355,WLUNA,2022-11-01
1667260800,1.0,1.0,0.9983,0.9999,DAI,2022-11-01
1667260800,1.0,1.0,0.9999,0.9999,USDT,2022-11-01
1667260800,0.03949,0.03955,0.03756,0.03776,USTC,2022-11-01
1667347200,1.0,1.0,0.9997,1.0,USDC,2022-11-02
1667347200,0.9999,0.9999,0.9998,0.9999,USDT,2022-11-02
1667347200,0.999,1.01,0.9942,0.9983,PAX,2022-11-02
1667347200,0.9999,1.0,0.999,0.9999,DAI,2022-11-02
1667347200,0.03776,0.03848,0.03715,0.03726,USTC,2022-11-02
1667347200,0.0002355,0.000242,0.00021,0.0002183,WLUNA,2022-11-02
